"TaxonCode","ScientificName","CommonName","LifeForm","HabitatVicForest","Broad_habitat","OpenCountryTolernat_Jradford","FeedGuild","Diet_viaHlada_simplifiedARI_ReadersDigest","NestGuildVicForest","HollowDep","Status","Migration","TaxonGroup","Weight_mean.g","BroodSize_mean","Egg_mass_Lislevand_g","Mating_System_Lislevand","genus"
10264,"Calyptorhynchus banksii graptogyne","Red-tailed Black-Cockatoo","Non-passerine Birds","F","F","F","ST","G","LH",1,0,"N","Cockies",720,1.5,33.5,2,"Calyptorhynchus"
10265,"Calyptorhynchus lathami lathami","Glossy Black-Cockatoo","Non-passerine Birds","F","F","F","ST","G","LH",1,0,"N","Cockies",420,1,25.5,2,"Calyptorhynchus"
10267,"Calyptorhynchus funereus","Yellow-tailed Black-Cockatoo","Non-passerine Birds","F","F","T","ST","G","LH",1,0,"N","Cockies",755,2,33.8,2,"Calyptorhynchus"
10268,"Callocephalon fimbriatum","Gang-gang Cockatoo","Non-passerine Birds","F","F","F","ST","G","LH",1,0,"N","Cockies",250,2,11.8,2,"Callocephalon"
10269,"Cacatua galerita","Sulphur-crested Cockatoo","Non-passerine Birds","O","O","T","SG","G","LH",1,0,"N","Cockies",895,2.5,28,2,"Cacatua"
10270,"Lophocroa leadbeateri","Major Mitchell's Cockatoo","Non-passerine Birds","F","O","T","SG","G","LH",1,0,"N","Cockies",370,2.5,28,2,"Lophocroa"
10271,"Cacatua sanguinea","Little Corella","Non-passerine Birds","O","O","O","SG","G","LH",1,0,"N","Cockies",537.5,2.5,17.1,2,"Cacatua"
10272,"Cacatua tenuirostris","Long-billed Corella","Non-passerine Birds","O","O","O","SG","G","LH",1,0,"N","Cockies",565,3,17.7,2,"Cacatua"
10273,"Eolophus roseicapilla","Galah","Non-passerine Birds","O","O","O","SG","G","LH",1,0,"N","Cockies",330,4,14.4,2,"Eolophus"
75132,"Cacatua spp.","Corella","Non-passerine Birds","F","F","F","SG","G","LH",0,0,"N","Cockies",580.65,2.6,20.6,2,"Cacatua"
10578,"Melithreptus lunatus","White-naped Honeyeater","Passerine Birds","F","F","F","N","N","V",0,0,"C","Honeyeater",14,2.5,1.9,2,"Melithreptus"
10580,"Melithripterus gularis gularis","Black-chinned Honeyeater","Passerine Birds","F","F","F","N","I","V",0,0,"N","Honeyeater",20,2,1.77,2,"Melithripterus"
10583,"Melithreptus brevirostris","Brown-headed Honeyeater","Passerine Birds","F","F","F","N","N","V",0,0,"N","Honeyeater",14,2.5,1.51,2,"Melithreptus"
10585,"Plectorhyncha lanceolata","Striped Honeyeater","Passerine Birds","F","F","F","N","N","V",0,0,"N","Honeyeater",40,3,3.62,2,"Plectorhyncha"
10586,"Myzomela sanguinolenta","Scarlet Honeyeater","Passerine Birds","F","F","F","N","N","V",0,0,"SP","Honeyeater",8,2,1.15,2,"Myzomela"
10589,"Sugamel niger","Black Honeyeater","Passerine Birds","F","S","T","N","N","V",0,0,"E","Honeyeater",9,2,1.11,2,"Sugamel"
10593,"Phylidonyris melanops","Tawny-crowned Honeyeater","Passerine Birds","F","F","F","N","N","V",0,0,"N","Honeyeater",18,2.5,2.64,2,"Phylidonyris"
10594,"Phylidonyris albifrons","White-fronted Honeyeater","Passerine Birds","F","S","F","N","N","V",0,0,"N","Honeyeater",17,2,2.31,2,"Phylidonyris"
10598,"Grantiella picta","Painted Honeyeater","Passerine Birds","F","F","F","N","F","V",0,0,"S","Honeyeater",22,2,2.18,2,"Grantiella"
10603,"Anthochaera phrygia","Regent Honeyeater","Passerine Birds","F","F","F","N","N","V",0,0,"C","Honeyeater",42,2.5,3.93,2,"Anthochaera"
10605,"Meliphaga lewinii","Lewins Honeyeater","Passerine Birds","F","F","F","N","N","V",0,0,"N","Honeyeater",34,2.5,4.22,2,"Meliphaga"
10608,"Lichenostomus virescens","Singing Honeyeater","Passerine Birds","O","S","F","N","N","V",0,0,"N","Honeyeater",27.5,2,2.63365384615385,2,"Lichenostomus"
10613,"Lichenostomus fuscus","Fuscous Honeyeater","Passerine Birds","F","F","F","N","N","V",0,0,"C","Honeyeater",16,2,2.63365384615385,2,"Lichenostomus"
10614,"Lichenostomus chrysops","Yellow-faced Honeyeater","Passerine Birds","F","F","F","N","N","V",0,0,"SP","Honeyeater",17,2.5,2.38,2,"Lichenostomus"
10617,"Lichenostomus leucotis","White-eared Honeyeater","Passerine Birds","F","F","F","N","N","V",0,0,"C","Honeyeater",22.5,2,2.63365384615385,2,"Lichenostomus"
10619,"Lichenostomus melanops","Yellow-tufted Honeyeater","Passerine Birds","F","F","F","N","N","V",0,0,"N","Honeyeater",29,2,2.63365384615385,2,"Lichenostomus"
10620,"Lichenostomus cratitius","Purple-gaped Honeyeater","Passerine Birds","F","F","F","N","N","V",0,0,"N","Honeyeater",20.5,2,2.63365384615385,2,"Lichenostomus"
10622,"Lichenostomus ornatus","Yellow-plumed Honeyeater","Passerine Birds","F","F","F","N","N","V",0,0,"N","Honeyeater",17,2,2.63365384615385,2,"Lichenostomus"
10623,"Lichenostomus plumulus","Grey-fronted Honeyeater","Passerine Birds","F","F","F","N","N","V",0,0,"C","Honeyeater",17,2.5,2.63365384615385,2,"Lichenostomus"
10625,"Lichenostomus penicillatus","White-plumed Honeyeater","Passerine Birds","F","F","F","N","N","V",0,0,"N","Honeyeater",19,2,2.45,2,"Lichenostomus"
10630,"Phylidonyris pyrrhoptera","Crescent Honeyeater","Passerine Birds","F","F","F","N","N","V",0,0,"C","Honeyeater",16,2,2,2,"Phylidonyris"
10631,"Phylidonyris novaehollandiae","New Holland Honeyeater","Passerine Birds","F","F","F","N","N","V",0,0,"N","Honeyeater",20,2,2.56,2,"Phylidonyris"
10640,"Acanthagenys rufogularis","Spiny-cheeked Honeyeater","Passerine Birds","F","S","F","N","F","V",0,0,"C","Honeyeater",50,2.5,5.45,2,"Acanthagenys"
10641,"Entomyzon cyanotis","Blue-faced Honeyeater","Passerine Birds","F","F","F","N","N","V",0,0,"N","Honeyeater",105,2.5,7.9,2,"Entomyzon"
10579,"Melithreptus albogularis","White-throated Honeyeater","AVES","F","F","F","N","I","V",0,0,"N","Honeyeater",11.05,2,1.77,2,"Melithreptus"
10582,"Melithreptus validirostris","Strong-billed Honeyeater","AVES","F","F","F","N","I","V",0,0,"N","Honeyeater",24.85,3,3.01,2,"Melithreptus"
10590,"Myzomela obscura","Dusky Honeyeater","AVES","F","F","F","N","N","V",0,0,"N","Honeyeater",12.25,2,1.38,2,"Myzomela"
10596,"Ramsayornis fasciatus","Bar-breasted Honeyeater","AVES","F","F","F","N","I","V",0,0,"N","Honeyeater",12.75,2.1,1.89,2,"Ramsayornis"
10597,"Lichmera indistincta","Brown Honeyeater","Passerine Birds","F","F","F","N","N","V",0,1,"V","Honeyeater",10,2,2.63365384615385,2,"Lichmera"
10599,"Conopophila whitei","Grey Honeyeater","AVES","F","S","F","N","I","V",0,0,"N","Honeyeater",9.9,2,1.4,2,"Conopophila"
10601,"Conopophila rufogularis","Rufous-throated Honeyeater","AVES","F","F","F","N","N","V",0,0,"N","Honeyeater",10.8,2.5,1.56,2,"Conopophila"
10602,"Certhionyx variegatus","Pied Honeyeater","Passerine Birds","F","S","T","N","N","V",0,1,"V","Honeyeater",27,2.6,3.09,2,"Certhionyx"
10609,"Lichenostomus versicolor","Varied Honeyeater","AVES","F","F","F","N","I","V",0,0,"N","Honeyeater",34.15,2,2.63365384615385,2,"Lichenostomus"
10610,"Lichenostomus fasciogularis","Mangrove Honeyeater","AVES","F","Mangroves","F","N","I","V",0,0,"N","Honeyeater",26.85,2,2.63365384615385,2,"Lichenostomus"
10621,"Lichenostomus keartlandi","Grey-headed Honeyeater","AVES","F","S","F","N","N","V",0,0,"N","Honeyeater",15.25,2,2.63365384615385,2,"Lichenostomus"
10624,"Lichenostomus flavescens","Yellow-tinted Honeyeater","AVES","F","F","F","N","N","V",0,0,"N","Honeyeater",12.45,1.6,2.63365384615385,2,"Lichenostomus"
10626,"Lichenostomus flavus","Yellow Honeyeater","AVES","F","F","T","N","N","V",0,0,"N","Honeyeater",22.4,1.8,2.995,2,"Lichenostomus"
10632,"Phylidonyris nigra","White-cheeked Honeyeater","Passerine Birds","F","F","F","N","N","V",0,0,"N","Honeyeater",19.15,2,2.3,2,"Phylidonyris"
60618,"Lichenostomus melanops cassidix","Helmeted Honeyeater","Passerine Birds","F","F","F","N","N","V",0,0,"N","Honeyeater",22.7197368421053,2.18684210526316,2.63365384615385,2,"Lichenostomus"
10098,"Phalacrocorax fuscescens","Black-faced Cormorant","Non-passerine Birds","W","C","O","W","C","W",0,0,"N","otherBirds",0,2.66,9.78555555555556,2,"Phalacrocorax"
10183,"Ephippiorhynchus australis","Black-necked Stork","Non-passerine Birds","W","W","O","W","C","W",0,1,"V","otherBirds",0,3,9.78555555555556,2,"Ephippiorhynchus"
10319,"Alcedo azurea","Azure Kingfisher","Non-passerine Birds","W","W","F","W","I","B",0,0,"N","otherBirds",35,5.6,4.4,2,"Alcedo"
10325,"Todiramphus pyrropygia pyrropygia","Red-backed Kingfisher","Non-passerine Birds","O","F","F","V","C","LH",1,1,"S","otherBirds",52.5,4.3,6.2,2,"Todiramphus"
10335,"Apus pacificus","Fork-tailed Swift","Non-passerine Birds","O","F","O","A","I","X",0,0,"S","otherBirds",35,2.66,3.95,2,"Apus"
10546,"Artamus cinereus","Black-faced Woodswallow","Passerine Birds","O","S","T","A","I","V",0,0,"N","otherBirds",36,3,3.23,2,"Artamus"
10647,"Anthus novaeseelandiae","Australasian Pipit","Passerine Birds","O","O","O","OG","I","G",0,0,"L","otherBirds",26,3.5,3.36,2,"Anthus"
10648,"Mirafra javanica","Horsfields Bushlark","Passerine Birds","O","S","O","SIG","I","G",0,0,"SP","otherBirds",23,3,9.78555555555556,2,"Mirafra"
10866,"Psophodes cristatus","Chirruping Wedgebill","Passerine Birds","O","S","O","TS","I","V",0,0,"N","otherBirds",40,2.5,3.9,2,"Psophodes"
10063,"Oceanites oceanicus","Wilsons Storm-Petrel","Marine Birds","W","P","O","W","I","W",0,0,"C","otherBirds",36,1,9.4,2,"Oceanites"
10064,"Garrodia nereis","Grey-backed Storm-Petrel","Marine Birds","W","P","O","W","I","W",0,0,"W","otherBirds",34,2.66,10.7,2,"Garrodia"
10065,"Pelagodroma marina","White-faced Storm-Petrel","Marine Birds","W","P","O","W","I","W",0,0,"C","otherBirds",55,1,13.2,2,"Pelagodroma"
10066,"Fregetta tropica","Black-bellied Storm-Petrel","Marine Birds","W","P","O","W","I","W",0,1,"V","otherBirds",54,1,13.2,2,"Fregetta"
10078,"Pterodroma leucoptera","Goulds Petrel","Marine Birds","W","P","O","W","I","W",0,1,"V","otherBirds",180,2.66,9.78555555555556,2,"Pterodroma"
10081,"Halobaena caerulea","Blue Petrel","Marine Birds","W","P","O","W","I","W",0,1,"V","otherBirds",200,2.66,9.78555555555556,2,"Halobaena"
10083,"Pachyptila turtur","Fairy Prion","Marine Birds","W","P","O","W","I","W",0,0,"C","otherBirds",132.5,1,25,2,"Pachyptila"
10084,"Pachyptila desolata","Antarctic Prion","Marine Birds","W","P","O","W","I","W",0,0,"W","otherBirds",155,2.66,9.78555555555556,2,"Pachyptila"
10085,"Pelecanoides urinatrix","Common Diving-Petrel","Marine Birds","W","P","O","W","I","W",0,0,"C","otherBirds",130,1,21,2,"Pelecanoides"
10122,"Anous stolidus","Common Noddy","Marine Birds","W","P","O","W","I","X",0,1,"V","otherBirds",185,1,9.78555555555556,2,"Anous"
10776,"Bulweria bulwerii","Bulwers Petrel","Marine Birds","W","P","O","W","I","W",0,1,"V","otherBirds",0,2.66,9.78555555555556,2,"Bulweria"
10911,"Oceanodroma leucorhoa","Leachs Storm-Petrel","Marine Birds","W","P","O","W","I","W",0,1,"V","otherBirds",50,1,10.1,2,"Oceanodroma"
10918,"Pterodroma cookii","Cook's Petrel","AVES","W","P","O","W","I","W",0,1,"V","otherBirds",190,2.66,9.78555555555556,2,"Pterodroma"
10924,"Pygoscelis adeliae","Adelie Penguin","Marine Birds","W","P","O","W","I","W",0,1,"V","otherBirds",0,2.66,9.78555555555556,2,"Pygoscelis"
10941,"Pachyptila salvini","Salvins Prion","Marine Birds","W","P","O","W","I","W",0,0,"W","otherBirds",0,2.66,9.78555555555556,2,"Pachyptila"
10942,"Pachyptila belcheri","Slender-billed Prion","Marine Birds","W","P","O","W","I","W",0,0,"W","otherBirds",150,2.66,9.78555555555556,2,"Pachyptila"
10947,"Pachyptila crassirostris","Fulmar Prion","Marine Birds","W","P","O","W","I","W",0,1,"V","otherBirds",145,2.66,9.78555555555556,2,"Pachyptila"
10955,"Pterodroma nigripennis","Black-winged Petrel","Marine Birds","W","P","O","W","I","W",0,1,"V","otherBirds",185,1,38,2,"Pterodroma"
10990,"Pycnonotus jocosus","Red-whiskered Bulbul","Passerine Birds","O","T","O","TS","I","V",0,0,"N","otherBirds",32.5,3,9.78555555555556,2,"Pycnonotus"
10993,"Alauda arvensis","European Skylark","Passerine Birds","O","O","O","SIG","I","G",0,0,"N","otherBirds",38,4,3.35,2,"Alauda"
10994,"Passer montanus","Eurasian Tree Sparrow","Passerine Birds","O","T","O","SG","G","SH",0,0,"N","otherBirds",22,5,2.09,2,"Passer"
10995,"Passer domesticus","House Sparrow","Passerine Birds","O","T","O","SG","G","Ledge",0,0,"N","otherBirds",29,4,2.89,2,"Passer"
10997,"Carduelis chloris","European Greenfinch","Passerine Birds","O","T","O","SG","G","V",0,0,"N","otherBirds",28,4.3,2.17,2,"Carduelis"
10096,"Phalacrocorax carbo","Great Cormorant","Non-passerine Birds","W","W","O","W","C","W",0,0,"C","otherBirds200g",2250,3.5,58,2.16129032258065,"Phalacrocorax"
10097,"Phalacrocorax sulcirostris","Little Black Cormorant","Non-passerine Birds","W","W","O","W","C","W",0,0,"C","otherBirds200g",865,4,36,2,"Phalacrocorax"
10099,"Phalacrocorax varius","Pied Cormorant","Non-passerine Birds","W","W","O","W","C","W",0,0,"N","otherBirds200g",1750,3.3,45,2,"Phalacrocorax"
10100,"Microcarbo melanoleucos","Little Pied Cormorant","Non-passerine Birds","W","W","O","W","C","W",0,0,"C","otherBirds200g",645,4,26,2,"Microcarbo"
10101,"Anhinga novaehollandiae","Darter","Non-passerine Birds","W","W","O","W","C","W",0,0,"N","otherBirds200g",1750,4.5,58.3738095238095,2.16129032258065,"Anhinga"
10106,"Pelecanus conspicillatus","Australian Pelican","Waders","W","W","O","W","C","W",0,0,"C","otherBirds200g",5400,2.5,58.3738095238095,2.16129032258065,"Pelecanus"
10177,"Grus rubicunda","Brolga","Non-passerine Birds","W","W","O","W","H","W",0,0,"C","otherBirds200g",6200,1.8,181,2,"Grus"
10178,"Plegadis falcinellus","Glossy Ibis","Non-passerine Birds","W","W","O","W","I","W",0,0,"C","otherBirds200g",500,4,38,2.16129032258065,"Plegadis"
10179,"Threskiornis molucca","Australian White Ibis","Non-passerine Birds","W","W","O","W","I","W",0,0,"C","otherBirds200g",1950,2.7,69,5,"Threskiornis"
10180,"Threskiornis spinicollis","Straw-necked Ibis","Non-passerine Birds","W","W","O","W","I","W",0,0,"C","otherBirds200g",1300,3.5,69,2,"Threskiornis"
10181,"Platalea regia","Royal Spoonbill","Non-passerine Birds","W","W","O","W","I","W",0,0,"C","otherBirds200g",1650,3.1,69,2,"Platalea"
10182,"Platalea flavipes","Yellow-billed Spoonbill","Non-passerine Birds","W","W","O","W","I","W",0,0,"C","otherBirds200g",1900,3.1,81,2,"Platalea"
10185,"Egretta garzetta nigripes","Little Egret","Non-passerine Birds","W","W","O","W","C","W",0,0,"C","otherBirds200g",300,4.8,28,2.16129032258065,"Egretta"
10186,"Ardea intermedia","Intermediate Egret","Non-passerine Birds","W","W","O","W","C","W",0,0,"SP","otherBirds200g",400,4,31,2.16129032258065,"Ardea"
10187,"Ardea modesta","Eastern Great Egret","Non-passerine Birds","W","P","O","W","C","W",0,0,"C","otherBirds200g",950,2.64347826086957,58.3738095238095,2.16129032258065,"Ardea"
10188,"Egretta novaehollandiae","White-faced Heron","Non-passerine Birds","W","W","O","W","C","W",0,0,"C","otherBirds200g",550,4,32,2.16129032258065,"Egretta"
10189,"Ardea pacifica","White-necked Heron","Non-passerine Birds","W","W","O","W","C","W",0,0,"C","otherBirds200g",860,3.2,42,2,"Ardea"
10191,"Egretta sacra","Eastern Reef Egret","Non-passerine Birds","W","C","O","W","C","W",0,1,"V","otherBirds200g",390,2.5,28,2,"Egretta"
10192,"Nycticorax caledonicus hillii","Nankeen Night Heron","Non-passerine Birds","W","W","O","W","I","W",0,0,"C","otherBirds200g",800,3.5,38,2,"Nycticorax"
10193,"Butorides striatus","Striated Heron","Non-passerine Birds","W","W","O","W","C","W",0,1,"V","otherBirds200g",225,3,16,2.16129032258065,"Butorides"
10197,"Botaurus poiciloptilus","Australasian Bittern","Non-passerine Birds","W","W","O","W","C","W",0,0,"C","otherBirds200g",1150,4.5,39,2.16129032258065,"Botaurus"
10977,"Ardea ibis","Cattle Egret","Non-passerine Birds","W","W","O","W","I","W",0,0,"W","otherBirds200g",365,4.5,28,2,"Ardea"
60196,"Ixobrychus flavicollis australis","Black Bittern","Non-passerine Birds","W","W","O","W","C","W",0,0,"S","otherBirds200g",360,4,29,2.16129032258065,"Ixobrychus"
10003,"Eudyptes chrysocome","Rockhopper Penguin","Marine Birds","W","P","O","W","C","W",0,1,"V","otherBirds200g",2850,2.64347826086957,58.3738095238095,2.16129032258065,"Eudyptes"
10004,"Eudyptes pachyrhynchus","Fiordland Penguin","Marine Birds","W","P","O","W","C","W",0,1,"V","otherBirds200g",3550,2.64347826086957,58.3738095238095,2.16129032258065,"Eudyptes"
10005,"Eudyptula minor","Little Penguin","Marine Birds","W","C","O","W","C","W",0,0,"C","otherBirds200g",1000,2,52,2,"Eudyptula"
10067,"Puffinus assimilis","Little Shearwater","Marine Birds","W","P","O","W","C","W",0,1,"V","otherBirds200g",240,1,32,2,"Puffinus"
10068,"Puffinus gavia","Fluttering Shearwater","Marine Birds","W","P","O","W","C","W",0,0,"W","otherBirds200g",322.5,2.64347826086957,58.3738095238095,2.16129032258065,"Puffinus"
10069,"Ardenna pacifica","Wedge-tailed Shearwater","Marine Birds","W","P","O","W","C","W",0,1,"V","otherBirds200g",435,1,56,2,"Ardenna"
10070,"Ardenna grisea","Sooty Shearwater","Marine Birds","W","P","O","W","C","W",0,0,"SP","otherBirds200g",800,2.64347826086957,58.3738095238095,2.16129032258065,"Ardenna"
10071,"Ardenna tenuirostris","Short-tailed Shearwater","Marine Birds","W","P","O","W","C","W",0,0,"S","otherBirds200g",640,1,82,2,"Ardenna"
10072,"Ardenna carneipes","Flesh-footed Shearwater","Marine Birds","W","P","O","W","C","W",0,0,"C","otherBirds200g",665,1,58.3738095238095,2.16129032258065,"Ardenna"
10073,"Procellaria cinerea","Grey Petrel","Marine Birds","W","P","O","W","C","W",0,1,"V","otherBirds200g",1000,2.64347826086957,58.3738095238095,2.16129032258065,"Procellaria"
10074,"Fulmarus glacialoides","Southern Fulmar","Marine Birds","W","P","O","W","C","W",0,0,"W","otherBirds200g",850,1,103,2,"Fulmarus"
10075,"Pterodroma macroptera","Great-winged Petrel","Marine Birds","W","P","O","W","C","W",0,0,"C","otherBirds200g",605,1,80,2,"Pterodroma"
10076,"Pterodroma mollis","Soft-plumaged Petrel","Marine Birds","W","P","O","W","C","W",0,1,"V","otherBirds200g",295.5,2.64347826086957,58.3738095238095,2.16129032258065,"Pterodroma"
10077,"Pterodroma lessonii","White-headed Petrel","Marine Birds","W","P","O","W","C","W",0,0,"C","otherBirds200g",695,2.64347826086957,58.3738095238095,2.16129032258065,"Pterodroma"
10080,"Daption capense","Cape Petrel","Marine Birds","W","P","O","W","C","W",0,0,"W","otherBirds200g",440,1,60,2,"Daption"
10082,"Pachyptila vittata","Broad-billed Prion","Marine Birds","W","P","O","W","C","W",0,0,"W","otherBirds200g",202.5,2.64347826086957,58.3738095238095,2.16129032258065,"Pachyptila"
10086,"Diomedea exulans","Wandering Albatross","Marine Birds","W","P","O","W","C","W",0,0,"W","otherBirds200g",8500,2.64347826086957,58.3738095238095,2.16129032258065,"Diomedea"
10088,"Thalassarche melanophris melanophris","Black-browed Albatross","Marine Birds","W","P","O","W","C","W",0,0,"W","otherBirds200g",4000,2.64347826086957,58.3738095238095,2.16129032258065,"Thalassarche"
10089,"Thalassarche chlororhynchos","Yellow-nosed Albatross","Marine Birds","W","P","O","W","C","W",0,0,"W","otherBirds200g",2500,2.64347826086957,58.3738095238095,2.16129032258065,"Thalassarche"
10090,"Thalassarche chrysostoma","Grey-headed Albatross","Marine Birds","W","P","O","W","C","W",0,0,"W","otherBirds200g",3350,2.64347826086957,58.3738095238095,2.16129032258065,"Thalassarche"
10091,"Thalassarche cauta","Shy Albatross","Marine Birds","W","P","O","W","C","W",0,0,"W","otherBirds200g",3900,2.64347826086957,58.3738095238095,2.16129032258065,"Thalassarche"
10092,"Phoebetria fusca","Sooty Albatross","Marine Birds","W","P","O","W","C","W",0,0,"W","otherBirds200g",2550,2.64347826086957,58.3738095238095,2.16129032258065,"Phoebetria"
10093,"Phoebetria palpebrata","Light-mantled Sooty Albatross","Marine Birds","W","P","O","W","C","W",0,0,"W","otherBirds200g",2950,2.64347826086957,58.3738095238095,2.16129032258065,"Phoebetria"
10094,"Fregata minor","Great Frigatebird","Marine Birds","W","P","O","W","C","W",0,1,"V","otherBirds200g",1500,1,74,2,"Fregata"
10095,"Fregata ariel","Lesser Frigatebird","Marine Birds","W","P","O","W","C","W",0,1,"V","otherBirds200g",1000,1,66,2,"Fregata"
10102,"Sula leucogaster","Brown Booby","Waders","W","C","O","W","C","W",0,1,"V","otherBirds200g",1200,1.5,53,2,"Sula"
10107,"Phaethon rubricauda","Red-tailed Tropicbird","Marine Birds","W","P","O","W","C","W",0,1,"V","otherBirds200g",800,1,87,2,"Phaethon"
10108,"Phaethon lepturus","White-tailed Tropicbird","Marine Birds","W","P","O","W","C","W",0,1,"V","otherBirds200g",300,1,45,2,"Phaethon"
10128,"Stercorarius parasiticus","Arctic Jaeger","Marine Birds","W","CP","O","W","C","X",0,0,"S","otherBirds200g",465,2.64347826086957,58.3738095238095,2.16129032258065,"Stercorarius"
10190,"Ardea picata","Pied Heron","Non-passerine Birds","W","W","O","W","C","W",0,1,"V","otherBirds200g",240,3,21,2.16129032258065,"Ardea"
10774,"Pterodroma cervicalis","White-necked Petrel","AVES","W","P","O","W","C","W",0,1,"V","otherBirds200g",467,2.64347826086957,58.3738095238095,2.16129032258065,"Pterodroma"
10775,"Pterodroma baraui","Baraus Petrel","Marine Birds","W","P","O","W","C","W",0,1,"V","otherBirds200g",400,2.64347826086957,58.3738095238095,2.16129032258065,"Pterodroma"
10853,"Calonectris leucomelas","Streaked Shearwater","Marine Birds","W","P","O","W","C","W",0,1,"V","otherBirds200g",489,2.64347826086957,58.3738095238095,2.16129032258065,"Calonectris"
10858,"Spheniscus magellanicus","Magellanic Penguin","Marine Birds","W","P","O","W","C","W",0,1,"V","otherBirds200g",3750,2.64347826086957,58.3738095238095,2.16129032258065,"Spheniscus"
10903,"Pavo cristatus","Indian Peafowl","Non-passerine Birds","O","O","O","SIG","G","G",0,0,"N","otherBirds200g",4400,4,58.3738095238095,2.16129032258065,"Pavo"
10913,"Puffinus huttoni","Huttons Shearwater","Marine Birds","W","P","O","W","C","W",0,0,"W","otherBirds200g",365,2.64347826086957,58.3738095238095,2.16129032258065,"Puffinus"
10914,"Puffinus puffinus","Manx Shearwater","AVES","W","P","O","W","C","W",0,1,"V","otherBirds200g",462.5,1,57,2.16129032258065,"Puffinus"
10915,"Procellaria aequinoctialis","White-chinned Petrel","Marine Birds","W","P","O","W","C","W",0,1,"V","otherBirds200g",1335,1,120,2.16129032258065,"Procellaria"
10916,"Procellaria westlandica","Westland Petrel","AVES","W","P","O","W","C","W",0,1,"V","otherBirds200g",1200,1,137.6,2,"Procellaria"
10917,"Procellaria parkinsoni","Black Petrel","Marine Birds","W","P","O","W","C","W",0,1,"V","otherBirds200g",700,2.64347826086957,58.3738095238095,2.16129032258065,"Procellaria"
10919,"Pterodroma inexpectata","Mottled Petrel","Marine Birds","W","P","O","W","C","W",0,1,"V","otherBirds200g",315,1,56,2,"Pterodroma"
10925,"Pygoscelis antarctica","Chinstrap Penguin","Marine Birds","W","P","O","W","C","W",0,1,"V","otherBirds200g",3800,2.64347826086957,58.3738095238095,2.16129032258065,"Pygoscelis"
10927,"Aptenodytes patagonicus","King Penguin","Marine Birds","W","P","O","W","C","W",0,1,"V","otherBirds200g",13400,2.64347826086957,58.3738095238095,2.16129032258065,"Aptenodytes"
10929,"Macronectes giganteus","Southern Giant-Petrel","Marine Birds","W","P","O","W","C","W",0,0,"W","otherBirds200g",4400,2.64347826086957,58.3738095238095,2.16129032258065,"Macronectes"
10931,"Diomedea bulleri","Bullers Albatross","Marine Birds","W","P","O","W","C","W",0,0,"W","otherBirds200g",2750,2.64347826086957,58.3738095238095,2.16129032258065,"Diomedea"
10933,"Stercorarius longicaudus","Long-tailed Jaeger","Marine Birds","W","P","O","W","C","X",0,0,"S","otherBirds200g",295,1.8,39.2,2,"Stercorarius"
10935,"Lugensa brevirostris","Kerguelen Petrel","Marine Birds","W","P","O","W","C","W",0,1,"V","otherBirds200g",357,2.64347826086957,58.3738095238095,2.16129032258065,"Lugensa"
10937,"Macronectes halli","Northern Giant-Petrel","Marine Birds","W","P","O","W","C","W",0,0,"W","otherBirds200g",4400,2.64347826086957,58.3738095238095,2.16129032258065,"Macronectes"
10945,"Stercorarius pomarinus","Pomarine Jaeger","Marine Birds","W","CP","O","W","C","X",0,0,"S","otherBirds200g",700,2,66,2,"Stercorarius"
10949,"Thalassoica antarctica","Antarctic Petrel","Marine Birds","W","P","O","W","C","W",0,1,"V","otherBirds200g",675,2.64347826086957,58.3738095238095,2.16129032258065,"Thalassoica"
10950,"Phasianus colchicus","Common Pheasant","Non-passerine Birds","O","O","O","SIG","G","G",0,0,"N","otherBirds200g",1250,11.5,31.5,4,"Phasianus"
10959,"Eudyptes sclateri","Erect-crested Penguin","Marine Birds","W","P","O","W","C","W",0,1,"V","otherBirds200g",4500,2.64347826086957,58.3738095238095,2.16129032258065,"Eudyptes"
10968,"Eudyptes chrysolophus","Macaroni Penguin","Marine Birds","W","P","O","W","C","W",0,1,"V","otherBirds200g",5500,2.64347826086957,58.3738095238095,2.16129032258065,"Eudyptes"
10971,"Pterodroma solandri","Providence Petrel","Marine Birds","W","P","O","W","C","W",0,1,"V","otherBirds200g",500,2.64347826086957,58.3738095238095,2.16129032258065,"Pterodroma"
10974,"Diomedea epomophora","Royal Albatross","Marine Birds","W","P","O","W","C","W",0,0,"W","otherBirds200g",9000,2.64347826086957,58.3738095238095,2.16129032258065,"Diomedea"
10975,"Ardenna bulleri","Bullers Shearwater","Marine Birds","W","P","O","W","C","W",0,1,"V","otherBirds200g",412,1,61,2,"Ardenna"
10979,"Stercorarius maccormicki","South Polar Skua","Marine Birds","W","P","O","W","C","X",0,0,"C","otherBirds200g",1200,1.8,89.4,2,"Stercorarius"
10980,"Stercorarius skua","Great Skua","Marine Birds","W","P","O","W","C","X",0,0,"W","otherBirds200g",1850,2.64347826086957,58.3738095238095,2.16129032258065,"Stercorarius"
995255715,"Eudyptes robustus ","Snares Penguin","Marine Birds","W","P","O","W","C","W",0,1,"V","otherBirds200g",3100,2.64347826086957,58.3738095238095,2.16129032258065,"Eudyptes"
995255716,"Pterodroma neglecta ","Kermadec Petrel","Marine Birds","W","P","O","W","C","W",0,1,"V","otherBirds200g",509,2.64347826086957,58.3738095238095,2.16129032258065,"Pterodroma"
10035,"Phaps elegans","Brush Bronzewing","Non-passerine Birds","F","F","F","SG","G","V",0,0,"N","otherFBirds",200,1.5,11,2.0952380952381,"Phaps"
10317,"Aegotheles cristatus","Australian Owlet-nightjar","Non-passerine Birds","F","F","F","OT","I","SH",1,0,"N","otherFBirds",45,3.5,4.51913043478261,2,"Aegotheles"
10318,"Eurystomus orientalis","Dollarbird","Non-passerine Birds","F","F","F","A","I","LH",1,0,"S","otherFBirds",134,3.5,15.3,2,"Eurystomus"
10326,"Todiramphus sanctus","Sacred Kingfisher","Non-passerine Birds","F","F","F","V","I","LH",1,0,"SP","otherFBirds",40,4.5,7,2,"Todiramphus"
10329,"Merops ornatus","Rainbow Bee-eater","Non-passerine Birds","F","F","T","A","I","B",0,0,"S","otherFBirds",28,5,4.1,2,"Merops"
10330,"Eurostopodus mystacalis","White-throated Nightjar","Non-passerine Birds","F","F","F","A","I","G",0,0,"S","otherFBirds",130,1,4.51913043478261,2,"Eurostopodus"
10331,"Eurostopodus argus","Spotted Nightjar","Non-passerine Birds","F","F","F","A","I","G",0,0,"N","otherFBirds",97.5,1,4.51913043478261,2.0952380952381,"Eurostopodus"
10337,"Cuculus pallidus","Pallid Cuckoo","Non-passerine Birds","F","F","T","OT","I","BP",0,0,"S","otherFBirds",82.5,1.5,3.9,2.0952380952381,"Cuculus"
10338,"Cacomantis flabelliformis","Fan-tailed Cuckoo","Non-passerine Birds","F","F","F","TS","I","BP",0,0,"SP","otherFBirds",50,1,4.51913043478261,2.0952380952381,"Cacomantis"
10339,"Cacomantis variolosus","Brush Cuckoo","Non-passerine Birds","F","F","F","C","I","BP",0,0,"S","otherFBirds",35,1.5,2,2.0952380952381,"Cacomantis"
10341,"Chrysococcyx osculans","Black-eared Cuckoo","Non-passerine Birds","F","F","F","OT","I","BP",0,0,"S","otherFBirds",30,1,4.51913043478261,2.0952380952381,"Chrysococcyx"
10342,"Chrysococcyx basalis","Horsfields Bronze-Cuckoo","Non-passerine Birds","F","F","F","C","I","BP",0,0,"SP","otherFBirds",23,1,1.55,2.0952380952381,"Chrysococcyx"
10344,"Chrysococcyx lucidus","Shining Bronze-Cuckoo","Non-passerine Birds","F","F","F","C","I","BP",0,0,"SP","otherFBirds",25,1,1.73,2,"Chrysococcyx"
10373,"Monarcha melanopsis","Black-faced Monarch","Passerine Birds","F","F","F","C","I","V",0,0,"S","otherFBirds",23,2.5,3.28,2,"Monarcha"
10398,"Pachycephala pectoralis","Golden Whistler","Passerine Birds","F","F","F","TS","I","V",0,0,"L","otherFBirds",25,2.5,3.66,2,"Pachycephala"
10401,"Pachycephala rufiventris","Rufous Whistler","Passerine Birds","F","F","F","C","I","V",0,0,"S","otherFBirds",25,3,3.28,2,"Pachycephala"
10402,"Pachycephala rufogularis","Red-lored Whistler","Passerine Birds","F","F","F","TS","I","V",0,0,"N","otherFBirds",37,2.5,3.44,2,"Pachycephala"
10403,"Pachycephala inornata","Gilberts Whistler","Passerine Birds","F","F","F","TS","I","V",0,0,"N","otherFBirds",30,3,3.6,2,"Pachycephala"
10405,"Pachycephala olivacea","Olive Whistler","Passerine Birds","F","F","F","DG","I","V",0,0,"N","otherFBirds",40,2.5,5.6,2,"Pachycephala"
10416,"Falcunculus frontatus","Crested Shrike-tit","Passerine Birds","F","F","F","B","I","V",0,0,"N","otherFBirds",27,2.5,3.26,2,"Falcunculus"
10430,"Lalage sueurii","White-winged Triller","Passerine Birds","F","F","F","C","I","V",0,0,"S","otherFBirds",26,2,2.7,2,"Lalage"
10441,"Drymodes brunneopygia","Southern Scrub-robin","Passerine Birds","F","F","F","LS","I","V",0,0,"N","otherFBirds",33.5,1.5,4.36,2,"Drymodes"
10445,"Pomatostomus superciliosus","White-browed Babbler","Passerine Birds","F","F","F","TS","I","V",0,0,"N","otherFBirds",40,3.5,3.58,2,"Pomatostomus"
10506,"Pycnoptilus floccosus","Pilotbird","Passerine Birds","F","F","F","DG","I","V",0,0,"N","otherFBirds",27,2,5.15,2,"Pycnoptilus"
10509,"Cincloramphus mathewsi","Rufous Songlark","Passerine Birds","F","F","T","OT","I","G",0,0,"S","otherFBirds",29,2.5,2.8,4,"Cincloramphus"
10544,"Artamus personatus","Masked Woodswallow","Passerine Birds","F","F","T","A","I","V",0,0,"SE","otherFBirds",37,2.5,4.51913043478261,2.0952380952381,"Artamus"
10545,"Artamus superciliosus","White-browed Woodswallow","Passerine Birds","F","F","T","A","I","V",0,0,"SE","otherFBirds",35,2.5,4.51913043478261,2.0952380952381,"Artamus"
10547,"Artamus cyanopterus","Dusky Woodswallow","Passerine Birds","F","F","F","A","I","V",0,0,"SP","otherFBirds",35,2.5,3.3,2,"Artamus"
10633,"Manorina melanophrys","Bell Miner","Passerine Birds","F","F","F","N","I","V",0,0,"N","otherFBirds",30,2,3.15,2,"Manorina"
10324,"Todiramphus macleayii","Forest Kingfisher","Non-passerine Birds","F","F","F","V","C","X",0,1,"V","otherFBirds",37.5,4.3,6.2,2,"Todiramphus"
10001,"Dromaius novaehollandiae","Emu","Non-passerine Birds","F","F","F","SIG","F","G",0,0,"N","otherFBirds200g",42500,4.1,68.4,2.5,"Dromaius"
10007,"Leipoa ocellata","Malleefowl","Non-passerine Birds","F","F","F","SIG","F","G",0,1,"N","otherFBirds200g",2000,4.1,68.4,2.5,"Leipoa"
10034,"Phaps chalcoptera","Common Bronzewing","Non-passerine Birds","F","F","F","SG","G","V",0,0,"N","otherFBirds200g",335,1,10.8,2,"Phaps"
10176,"Ardeotis australis","Australian Bustard","Non-passerine Birds","F","S","O","W","O","W",0,0,"N","otherFBirds200g",5500,1.7,136,2.5,"Ardeotis"
10313,"Podargus strigoides","Tawny Frogmouth","Non-passerine Birds","F","F","F","V","I","V",0,0,"N","otherFBirds200g",315,2,25,2,"Podargus"
10322,"Dacelo novaeguineae","Laughing Kookaburra","Non-passerine Birds","F","F","T","V","C","LH",1,0,"N","otherFBirds200g",345,3,30.4,2,"Dacelo"
10347,"Eudynamys orientalis","Eastern Koel","Non-passerine Birds","F","F","T","C","F","X",0,1,"V","otherFBirds200g",245,4.1,68.4,2.5,"Eudynamys"
10348,"Scythrops novaehollandiae","Channel-billed Cuckoo","Non-passerine Birds","F","F","F","V","F","X",0,1,"V","otherFBirds200g",747.5,2.1,18.2,2.5,"Scythrops"
10008,"Alectura lathami","Australian Brush-turkey","Non-passerine Birds","F","F","T","SIG","O","G",0,0,"X","otherFBirds200g",2300,14.8,190,4,"Alectura"
10254,"Trichoglossus haematodus","Rainbow Lorikeet","Non-passerine Birds","F","F","T","N","N","LH",1,0,"N","parrots",125,2,8.25,2,"Trichoglossus"
10256,"Trichoglossus chlorolepidotus","Scaly-breasted Lorikeet","Non-passerine Birds","F","F","F","N","N","LH",1,0,"N","parrots",75,2,5.7,2,"Trichoglossus"
10258,"Glossopsitta concinna","Musk Lorikeet","Non-passerine Birds","F","F","F","N","N","LH",1,0,"C","parrots",70,2,5.7,2,"Glossopsitta"
10259,"Glossopsitta porphyrocephala","Purple-crowned Lorikeet","Non-passerine Birds","F","F","F","N","N","SH",1,0,"C","parrots",45,3,3.05,2,"Glossopsitta"
10260,"Glossopsitta pusilla","Little Lorikeet","Non-passerine Birds","F","F","F","N","N","SH",1,0,"C","parrots",40,4,2.88,2,"Glossopsitta"
10274,"Nymphicus hollandicus","Cockatiel","Non-passerine Birds","O","S","T","SG","G","LH",1,0,"N","parrots",90,4.3,5.68,2,"Nymphicus"
10277,"Polytelis swainsonii","Superb Parrot","Non-passerine Birds","F","F","T","ST","FG","LH",1,0,"S","parrots",145,5,8.1,2,"Polytelis"
10278,"Polytelis anthopeplus monarchoides","Regent Parrot","Non-passerine Birds","F","F","T","ST","FG","LH",1,0,"N","parrots",175,5,8.1,2,"Polytelis"
10281,"Alisterus scapularis","Australian King-Parrot","Non-passerine Birds","F","F","F","F","F","LH",1,0,"N","parrots",242.5,4.5,13.3,2,"Alisterus"
10282,"Platycercus elegans","Crimson Rosella","Non-passerine Birds","F","F","F","ST","FG","LH",1,0,"N","parrots",135,5.5,8.15,2,"Platycercus"
10288,"Platycercus eximius","Eastern Rosella","Non-passerine Birds","O","O","T","SG","G","LH",1,0,"N","parrots",105,5.5,7.05,2,"Platycercus"
10295,"Psephotus haematonotus","Red-rumped Parrot","Non-passerine Birds","O","O","T","SG","G","LH",1,0,"N","parrots",62.5,5,4.5,2,"Psephotus"
10296,"Psephotus varius","Mulga Parrot","Non-passerine Birds","F","F","F","SG","G","LH",1,0,"N","parrots",55,6,4.45,2,"Psephotus"
10297,"Northiella haematogaster","Blue Bonnet","Non-passerine Birds","F","F","T","SG","G","LH",1,0,"N","parrots",85,5,5.2,2,"Northiella"
10302,"Neophema pulchella","Turquoise Parrot","Non-passerine Birds","F","F","F","SG","G","SH",1,0,"N","parrots",40,4.5,3.9,2,"Neophema"
10303,"Neophema splendida","Scarlet-chested Parrot","Non-passerine Birds","F","F","T","SG","G","SH",1,0,"C","parrots",41,4,4.15,2,"Neophema"
10305,"Neophema chrysogaster","Orange-bellied Parrot","Non-passerine Birds","O","S","O","SG","G","X",1,0,"W","parrots",45,4.3,3.85,2,"Neophema"
10306,"Neophema chrysostoma","Blue-winged Parrot","Non-passerine Birds","F","F","T","SG","G","SH",1,0,"W","parrots",55,5,4.2,2,"Neophema"
10307,"Neophema elegans","Elegant Parrot","Non-passerine Birds","F","F","O","SG","G","SH",1,0,"L","parrots",45,5.5,3.75,2,"Neophema"
10309,"Lathamus discolor","Swift Parrot","Non-passerine Birds","F","F","F","N","N","X",1,0,"W","parrots",65,4.5,5.95,2,"Lathamus"
10310,"Melopsittacus undulatus","Budgerigar","Non-passerine Birds","F","F","T","SG","G","SH",1,0,"E","parrots",30,4.9,2.15,2,"Melopsittacus"
10311,"Pezoporus wallicus wallicus","Ground Parrot","Non-passerine Birds","O","F","T","SG","G","G",0,0,"N","parrots",80,4.9,2.15,2,"Pezoporus"
10312,"Pezoporus occidentalis","Night Parrot","AVES","O","S","T","SG","G","G",0,0,"C","parrots",0,4,3.1,2,"Pezoporus"
60294,"Barnardius zonarius zonarius","Australian Ringneck","Non-passerine Birds","F","F","F","ST","FG","LH",1,0,"N","parrots",162.5,5.5,8.8,2,"Barnardius"
10357,"Hirundo neoxena","Welcome Swallow","Passerine Birds","O","O","O","A","I","Ledge",0,0,"L","passerine10g",14.5,4,1.94538461538462,2,"Hirundo"
10358,"Cheramoeca leucosternus","White-backed Swallow","Passerine Birds","O","S","T","A","I","B",0,0,"S","passerine10g",13,5,1.94538461538462,2.03571428571429,"Cheramoeca"
10359,"Hirundo nigricans","Tree Martin","Passerine Birds","F","F","F","A","I","SH",1,0,"S","passerine10g",15,3.5,1.6,2,"Hirundo"
10360,"Hirundo ariel","Fairy Martin","Passerine Birds","O","O","O","A","I","Ledge",0,0,"S","passerine10g",11.5,4.5,1.94538461538462,2.03571428571429,"Hirundo"
10365,"Myiagra rubecula","Leaden Flycatcher","Passerine Birds","F","F","F","C","I","V",0,0,"S","passerine10g",12,2.5,1.95,2,"Myiagra"
10366,"Myiagra cyanoleuca","Satin Flycatcher","Passerine Birds","F","F","F","C","I","V",0,0,"S","passerine10g",17,2,1.94538461538462,2.03571428571429,"Myiagra"
10369,"Myiagra inquieta","Restless Flycatcher","Passerine Birds","F","F","F","OT","I","V",0,0,"N","passerine10g",14,3,2.65,2,"Myiagra"
10377,"Microeca fascinans","Jacky Winter","Passerine Birds","F","F","F","OT","I","V",0,0,"N","passerine10g",15,2,1.94538461538462,2,"Microeca"
10448,"Epthianura albifrons","White-fronted Chat","Passerine Birds","O","S","T","OS","I","V",0,0,"N","passerine10g",13,3,1.65,2,"Epthianura"
10449,"Epthianura tricolor","Crimson Chat","Passerine Birds","O","S","O","OS","I","V",0,0,"S","passerine10g",11,3.5,1.4,2,"Epthianura"
10450,"Epthianura aurifrons","Orange Chat","Passerine Birds","O","S","T","OS","I","V",0,0,"C","passerine10g",11,2.9,1.56,2,"Epthianura"
10466,"Aphelocephala leucopsis","Southern Whiteface","Passerine Birds","O","O","F","OG","I","SH",1,0,"N","passerine10g",13,4,2,2.03571428571429,"Aphelocephala"
10488,"Sericornis frontalis","White-browed Scrubwren","Passerine Birds","F","F","F","DG","I","V",0,0,"N","passerine10g",14,2.5,2.45,2,"Sericornis"
10497,"Pyrrholaemus brunneus","Redthroat","Passerine Birds","O","S","F","LS","I","V",0,0,"N","passerine10g",12,3,2.04,2,"Pyrrholaemus"
10498,"Calamanthus pyrrhopygius","Chestnut-rumped Heathwren","Passerine Birds","F","F","F","OT","I","V",0,0,"N","passerine10g",17,2.5,2.15,2.03571428571429,"Calamanthus"
10499,"Calamanthus cautus","Shy Heathwren","Passerine Birds","F","F","F","OT","I","V",0,0,"N","passerine10g",15,3,2.68,2,"Calamanthus"
10500,"Calamanthus fuliginosus","Striated Fieldwren","AVES","O","S","F","LS","I","V",0,0,"N","passerine10g",20,3,2.97,2.03571428571429,"Calamanthus"
10502,"Calamanthus campestris","Rufous Fieldwren","Passerine Birds","O","S","F","LS","I","V",0,0,"N","passerine10g",14,3,1.94538461538462,2,"Calamanthus"
10504,"Chthonicola sagittata","Speckled Warbler","Passerine Birds","F","F","F","OT","I","V",0,0,"N","passerine10g",14,3,2.3,2,"Chthonicola"
10513,"Amytornis striatus striatus","Striated Grasswren","Passerine Birds","F","F","F","OS","I","V",0,0,"N","passerine10g",18,2.5,2.77,2,"Amytornis"
10522,"Megalurus gramineus","Little Grassbird","Passerine Birds","O","S","O","W","I","W",0,0,"N","passerine10g",14,4,1.72,2,"Megalurus"
10524,"Acrocephalus stentoreus","Clamorous Reed Warbler","Passerine Birds","W","W","O","W","I","W",0,0,"S","passerine10g",20,3.5,1.94538461538462,2.03571428571429,"Acrocephalus"
10529,"Malurus cyaneus","Superb Fairy-wren","Passerine Birds","F","F","F","OT","I","V",0,0,"N","passerine10g",10.5,3.5,1.41,2,"Malurus"
10549,"Daphoenositta chrysoptera","Varied Sittella","Passerine Birds","F","F","F","B","I","V",0,0,"N","passerine10g",13,3,1.94538461538462,2,"Daphoenositta"
10574,"Zosterops lateralis","Silvereye","Passerine Birds","F","F","F","F","I","V",0,0,"L","passerine10g",11,3,1.3,2,"Zosterops"
10591,"Acanthorhynchus tenuirostris","Eastern Spinebill","Passerine Birds","F","F","F","N","N","V",0,0,"C","passerine10g",11,1.5,1.72,2,"Acanthorhynchus"
10653,"Taeniopygia guttata","Zebra Finch","Passerine Birds","O","S","O","SG","G","V",0,0,"N","passerine10g",12,4.5,0.98,2,"Taeniopygia"
10662,"Neochmia temporalis","Red-browed Finch","Passerine Birds","F","F","F","SG","G","V",0,0,"N","passerine10g",11,5,1.02,2,"Neochmia"
10976,"Pardalotus striatus","Striated Pardalote","Passerine Birds","F","F","F","C","I","SH",1,0,"L","passerine10g",12,4,1.9,2,"Pardalotus"
10375,"Symposiarchus gouldii","Spectacled Monarch","Passerine Birds","F","F","F","C","I","X",0,1,"V","passerine10g",12,2,2.47,2,"Symposiarchus"
10548,"Artamus minor","Little Woodswallow","Passerine Birds","F","F","F","A","I","X",0,1,"V","passerine10g",17,3,1.93,2,"Artamus"
10657,"Lonchura castaneothorax","Chestnut-breasted Mannikin","Passerine Birds","O","S","F","SG","G","V",0,0,"N","passerine10g",14,5.5,1.17,2,"Lonchura"
10661,"Neochmia modesta","Plum-headed Finch","AVES","F","F","T","SG","G","X",0,1,"N","passerine10g",13,5.5,1.94538461538462,2,"Neochmia"
10879,"Hirundo rustica","Barn Swallow","AVES","O","S","F","A","I","X",0,1,"V","passerine10g",17,4.5,1.9,3,"Hirundo"
10996,"Carduelis carduelis","European Goldfinch","Passerine Birds","O","T","O","SG","G","V",0,0,"N","passerine10g",14.5,4,2.89,2,"Carduelis"
10408,"Colluricincla harmonica","Grey Shrike-thrush","Passerine Birds","F","F","F","V","I","V",0,0,"N","passerine40g",65,2.5,6.81,2,"Colluricincla"
10419,"Oreoica gutturalis gutturalis","Crested Bellbird","Passerine Birds","F","F","F","OT","I","V",0,0,"N","passerine40g",63,2.5,3.26,2,"Oreoica"
10421,"Psophodes olivaceus","Eastern Whipbird","Passerine Birds","F","F","F","DG","I","V",0,0,"N","passerine40g",67,2,5.94,2,"Psophodes"
10422,"Psophodes nigrogularis leucogaster","Western Whipbird (Mallee)","Passerine Birds","F","F","F","OS","I","V",0,0,"N","passerine40g",45,2.60625,5.2925,2.15384615384615,"Psophodes"
10425,"Coracina papuensis","White-bellied Cuckoo-shrike","Passerine Birds","F","F","F","C","I","V",0,0,"SP","passerine40g",67,2,6.5,2,"Coracina"
10429,"Coracina tenuirostris","Common Cicadabird","Passerine Birds","F","F","F","C","I","V",0,0,"S","passerine40g",70,1,5.2925,2.15384615384615,"Coracina"
10443,"Pomatostomus temporalis temporalis","Grey-crowned Babbler","Passerine Birds","F","F","F","OT","I","V",0,0,"N","passerine40g",65,1.5,4.36,2,"Pomatostomus"
10446,"Pomatostomus ruficeps","Chestnut-crowned Babbler","Passerine Birds","O","S","F","OS","I","V",0,0,"N","passerine40g",55,4,4.15,2,"Pomatostomus"
10508,"Cincloramphus cruralis","Brown Songlark","Passerine Birds","O","O","O","OG","I","G",0,0,"SP","passerine40g",51.5,3.5,3.61,4,"Cincloramphus"
10519,"Dasyornis brachypterus brachypterus","Eastern Bristlebird","Passerine Birds","F","F","F","DG","I","V",0,0,"N","passerine40g",42.5,2.5,5.1,2,"Dasyornis"
10543,"Artamus leucorynchus","White-breasted Woodswallow","Passerine Birds","F","F","T","A","I","V",0,0,"S","passerine40g",41,3.5,5.2925,2,"Artamus"
10635,"Manorina flavigula","Yellow-throated Miner","Passerine Birds","O","O","T","N","I","V",0,0,"N","passerine40g",55,3,4.87,2,"Manorina"
10637,"Anthochaera chrysoptera","Little Wattlebird","Passerine Birds","F","F","F","N","N","V",0,0,"N","passerine40g",67.5,2,5.2925,2.15384615384615,"Anthochaera"
10638,"Anthochaera carunculata","Red Wattlebird","Passerine Birds","F","F","F","N","N","V",0,0,"C","passerine40g",44.5,2,7.69,2,"Anthochaera"
10646,"Philemon citreogularis","Little Friarbird","Passerine Birds","F","F","F","N","N","V",0,0,"SP","passerine40g",65,2.5,5.22,2,"Philemon"
10967,"Manorina melanotis","Black-eared Miner","Passerine Birds","F","F","F","N","I","V",0,0,"N","passerine40g",55,2.5,5.2925,2.15384615384615,"Manorina"
10992,"Turdus philomelos","Song Thrush","Passerine Birds","O","T","F","OG","I","V",0,0,"N","passerine40g",70,4.7,6,2,"Turdus"
10350,"Menura novaehollandiae","Superb Lyrebird","Non-passerine Birds","F","F","F","DG","I","V",0,0,"N","passerine75g",972.5,1,61.5,5,"Menura"
10415,"Grallina cyanoleuca","Magpie-lark","Passerine Birds","O","O","O","OG","I","V",0,0,"N","passerine75g",85,3.5,6.4,2,"Grallina"
10423,"Coracina maxima","Ground Cuckoo-shrike","Passerine Birds","O","S","T","OG","I","V",0,0,"C","passerine75g",115,2.5,13.6558823529412,2.47619047619048,"Coracina"
10424,"Coracina novaehollandiae","Black-faced Cuckoo-shrike","Passerine Birds","F","F","T","C","I","V",0,0,"SP","passerine75g",115,2.5,8.6,2,"Coracina"
10432,"Sphecotheres viridis","Australasian Figbird","Passerine Birds","F","F","F","F","F","X",0,1,"V","passerine75g",120,4,13.6558823529412,2,"Sphecotheres"
10521,"Dasyornis broadbenti","Rufous Bristlebird","AVES","F","F","F","DG","I","V",0,0,"N","passerine75g",77,2,6.65,2,"Dasyornis"
10634,"Manorina melanocephala","Noisy Miner","Passerine Birds","O","O","T","N","I","V",0,0,"N","passerine75g",75,3,5.35,2,"Manorina"
10645,"Philemon corniculatus","Noisy Friarbird","Passerine Birds","F","F","F","N","N","V",0,0,"SP","passerine75g",109,3,8.55,2,"Philemon"
10671,"Oriolus sagittatus","Olive-backed Oriole","Passerine Birds","F","F","F","F","I","V",0,0,"S","passerine75g",95,3,9.7,2,"Oriolus"
10673,"Dicrurus bracteatus","Spangled Drongo","Passerine Birds","F","F","F","C","I","X",0,1,"S","passerine75g",82,4,13.6558823529412,2,"Dicrurus"
10675,"Struthidea cinerea","Apostlebird","Passerine Birds","F","F","F","V","G","V",0,0,"N","passerine75g",135,5,13.6558823529412,2,"Struthidea"
10679,"Ptilonorhynchus violaceus","Satin Bowerbird","Passerine Birds","F","F","F","F","F","V",0,0,"N","passerine75g",202.5,2,20,5,"Ptilonorhynchus"
10680,"Ptilonorhynchus maculatus","Spotted Bowerbird","Passerine Birds","F","F","F","F","F","V",0,0,"N","passerine75g",140,2,14.6,5,"Ptilonorhynchus"
10691,"Corvus bennetti","Little Crow","Passerine Birds","O","S","O","V","I","V",0,0,"N","passerine75g",400,5,13.6558823529412,2.47619047619048,"Corvus"
10693,"Corcorax melanorhamphos","White-winged Chough","Passerine Birds","F","F","F","OT","I","V",0,0,"N","passerine75g",360,5,13.6558823529412,2.47619047619048,"Corcorax"
10694,"Strepera graculina","Pied Currawong","Passerine Birds","F","F","F","V","I","V",0,0,"L","passerine75g",300,2.5,13.6558823529412,2.47619047619048,"Strepera"
10697,"Strepera versicolor","Grey Currawong","Passerine Birds","F","F","T","V","I","V",0,0,"N","passerine75g",350,3,13.6558823529412,2.47619047619048,"Strepera"
10700,"Cracticus nigrogularis","Pied Butcherbird","Passerine Birds","F","F","T","V","C","V",0,0,"N","passerine75g",120,3,9.8,2,"Cracticus"
10702,"Cracticus torquatus","Grey Butcherbird","Passerine Birds","O","O","T","V","C","V",0,0,"N","passerine75g",90,3,7.8,2,"Cracticus"
10705,"Gymnorhina tibicen","Australian Magpie","Passerine Birds","O","O","O","OG","I","V",0,0,"N","passerine75g",285,4,16.2,2,"Gymnorhina"
10779,"Zoothera lunulata","Bassian Thrush","Passerine Birds","F","F","O","DG","I","V",0,0,"N","passerine75g",100,2.5,13.6558823529412,2.47619047619048,"Zoothera"
10868,"Corvus tasmanicus","Forest Raven","Passerine Birds","F","S","F","V","C","V",0,0,"N","passerine75g",650,4.5,13.6558823529412,2.47619047619048,"Corvus"
10930,"Corvus coronoides","Australian Raven","Passerine Birds","F","O","O","V","I","V",0,0,"N","passerine75g",650,3.5,22,2,"Corvus"
10954,"Corvus mellori","Little Raven","Passerine Birds","O","O","O","V","I","V",0,0,"N","passerine75g",530,3.5,13.6558823529412,2,"Corvus"
10867,"Corvus splendens","House Crow","Passerine Birds","O","O","F","V","C","X",0,1,"V","passerine75g",320,3.9,13.7,2,"Corvus"
10991,"Turdus merula","Common Blackbird","Passerine Birds","F","T","T","DG","I","V",0,0,"N","passerine75g",100,3.5,7.2,2,"Turdus"
10998,"Acridotheres tristis","Common Myna","Passerine Birds","O","T","O","OG","I","LH",1,0,"N","passerine75g",115,4.5,7.1,2,"Acridotheres"
10999,"Sturnus vulgaris","Common Starling","Passerine Birds","O","T","O","OG","I","SH",1,0,"N","passerine75g",87.5,4.5,7,3,"Sturnus"
10453,"Gerygone olivacea","White-throated Gerygone","Passerine Birds","F","F","F","C","I","V",0,0,"S","passerines",7,2.5,1.4,2,"Gerygone"
10454,"Gerygone mouki","Brown Gerygone","Passerine Birds","F","F","F","TS","I","V",0,0,"N","passerines",6,2.5,1.29818181818182,2,"Gerygone"
10463,"Gerygone fusca","Western Gerygone","Passerine Birds","F","F","F","C","I","V",0,0,"C","passerines",6,2.5,1.11,2,"Gerygone"
10465,"Smicrornis brevirostris","Weebill","Passerine Birds","F","F","F","C","I","V",0,0,"N","passerines",6,3,1.03,2,"Smicrornis"
10494,"Sericornis magnirostris","Large-billed Scrubwren","Passerine Birds","F","F","F","TS","I","V",0,0,"N","passerines",10,3.5,2.1,2,"Sericornis"
10525,"Cisticola exilis","Golden-headed Cisticola","Passerine Birds","O","S","O","LS","I","V",0,0,"N","passerines",8,3.5,0.99,4,"Cisticola"
10526,"Stipiturus malachurus","Southern Emu-wren","Passerine Birds","F","F","F","LS","I","V",0,0,"N","passerines",7,3,1.23,2.18181818181818,"Stipiturus"
10527,"Stipiturus mallee","Mallee Emu-wren","Passerine Birds","F","F","F","LS","I","V",0,0,"N","passerines",6,3,1.29818181818182,2.18181818181818,"Stipiturus"
10532,"Malurus splendens","Splendid Fairy-wren","Passerine Birds","F","F","F","OT","I","V",0,0,"N","passerines",9,3,1.44,2,"Malurus"
10535,"Malurus leucopterus","White-winged Fairy-wren","Passerine Birds","O","S","T","LS","I","V",0,0,"N","passerines",7.5,3.5,1.09,2,"Malurus"
10536,"Malurus lamberti","Variegated Fairy-wren","Passerine Birds","F","F","F","LS","I","V",0,0,"N","passerines",7.5,3.5,1.3,2,"Malurus"
10564,"Dicaeum hirundinaceum","Mistletoebird","Passerine Birds","F","F","F","F","F","V",0,0,"N","passerines",9,3,1.16,2,"Dicaeum"
10565,"Pardalotus punctatus","Spotted Pardalote","Passerine Birds","F","F","F","C","I","B",0,0,"C","passerine10g",9,4,1.43,2,"Pardalotus"
10655,"Taeniopygia bichenovii","Double-barred Finch","Passerine Birds","F","F","T","SG","G","V",0,0,"N","passerines",10,4,1.29818181818182,2.18181818181818,"Taeniopygia"
10009,"Coturnix pectoralis","Stubble Quail","Non-passerine Birds","O","O","O","SIG","G","G",0,0,"C","quailpigeon",105,7.6,8.6,2,"Coturnix"
10010,"Coturnix ypsilophora australis","Brown Quail","Non-passerine Birds","F","F","F","SIG","G","G",0,0,"N","quailpigeon",105,7.9,11.2,2,"Coturnix"
10012,"Coturnix chinensis victoriae","King Quail","Non-passerine Birds","O","S","T","SIG","G","G",0,0,"N","quailpigeon",37.5,6.5,4.8,2,"Coturnix"
10014,"Turnix varia","Painted Button-quail","Non-passerine Birds","F","F","F","SIG","G","G",0,0,"SP","quailpigeon",92.5,3.7,8,1,"Turnix"
10018,"Turnix velox","Little Button-quail","Non-passerine Birds","O","S","T","SIG","O","G",0,0,"C","quailpigeon",42.5,3.7,4.2,1,"Turnix"
10023,"Ptilinopus superbus","Superb Fruit-Dove","Non-passerine Birds","F","F","F","F","F","X",0,1,"V","quailpigeon",110,1,7.1,2,"Ptilinopus"
10028,"Columba leucomela","White-headed Pigeon","Non-passerine Birds","F","F","F","F","F","X",0,1,"V","quailpigeon",420,1,9.33260869565217,1.84210526315789,"Columba"
10029,"Macropygia amboinensis","Brown Cuckoo-Dove","Non-passerine Birds","F","F","F","F","F","X",0,1,"V","quailpigeon",240,1.2,8.7,1.84210526315789,"Macropygia"
10030,"Geopelia striata","Peaceful Dove","Non-passerine Birds","F","F","F","SG","G","V",0,0,"N","quailpigeon",53.5,2,3.5,2,"Geopelia"
10031,"Geopelia cuneata","Diamond Dove","Non-passerine Birds","F","F","F","SG","G","V",0,0,"C","quailpigeon",33,2,2.5,1.84210526315789,"Geopelia"
10032,"Geopelia humeralis","Bar-shouldered Dove","Non-passerine Birds","F","F","F","SG","G","X",0,1,"V","quailpigeon",330,2,7,2,"Geopelia"
10033,"Chalcophaps indica","Emerald Dove","Non-passerine Birds","F","F","F","F","F","X",0,1,"V","quailpigeon",135,2,9.33260869565217,1.84210526315789,"Chalcophaps"
10043,"Ocyphaps lophotes","Crested Pigeon","Non-passerine Birds","O","O","O","SG","G","V",0,0,"N","quailpigeon",200,2,9,2,"Ocyphaps"
10044,"Leucosarcia melanoleuca","Wonga Pigeon","Non-passerine Birds","F","F","F","F","G","V",0,0,"N","quailpigeon",415,2,16.5,1.84210526315789,"Leucosarcia"
10436,"Cinclosoma punctatum","Spotted Quail-thrush","Passerine Birds","F","F","F","OT","I","G",0,0,"N","quailpigeon",114,3.5,9,2,"Cinclosoma"
10437,"Cinclosoma castanotus","Chestnut Quail-thrush","Passerine Birds","F","F","F","OT","I","G",0,0,"N","quailpigeon",75,2,7.55,1.84210526315789,"Cinclosoma"
10013,"Turnix maculosa","Red-backed Button-quail","Non-passerine Birds","F","F","F","F","G","G",0,0,"N","quailpigeon",188.135185185185,2.92857142857143,9.33260869565217,1.84210526315789,"Turnix"
10017,"Turnix melanogaster","Black-breasted Button-quail","AVES","F","F","F","F","G","G",0,0,"N","quailpigeon",188.135185185185,2.92857142857143,9.33260869565217,1.84210526315789,"Turnix"
10019,"Turnix pyrrhothorax","Red-chested Button-quail","Non-passerine Birds","O","S","F","SIG","G","G",0,0,"SP","quailpigeon",50,4,4.4,1,"Turnix"
10021,"Ptilinopus regina","Rose-crowned Fruit-Dove","Non-passerine Birds","F","F","F","F","F","X",0,1,"V","quailpigeon",105,1,7.4,2,"Ptilinopus"
10024,"Ptilinopus cinctus","Banded Fruit-Dove","AVES","F","F","F","F","F","G",0,0,"N","quailpigeon",188.135185185185,1,9.33260869565217,1.84210526315789,"Ptilinopus"
10025,"Ptilinopus magnificus","Wompoo Fruit-Dove","AVES","F","F","F","F","F","G",0,0,"N","quailpigeon",454.5,1,21.7,2,"Ptilinopus"
10026,"Ducula bicolor","Pied Imperial-Pigeon","AVES","F","F","F","F","F","G",0,0,"N","quailpigeon",456.1,1,9.33260869565217,2,"Ducula"
10027,"Lopholaimus antarcticus","Topknot Pigeon","Non-passerine Birds","F","F","F","F","F","X",0,1,"V","quailpigeon",525,1,21.5,1.84210526315789,"Lopholaimus"
10039,"Geophaps scripta","Squatter Pigeon","AVES","F","F","F","F","G","G",0,0,"N","quailpigeon",221.7,2,8.5,1.84210526315789,"Geophaps"
10438,"Cinclosoma castaneothorax","Chestnut-breasted Quail-thrush","AVES","F","S","F","F","O","G",0,0,"N","quailpigeon",59.75,2,9.33260869565217,2,"Cinclosoma"
10439,"Cinclosoma cinnamomeum","Cinnamon Quail-thrush","AVES","F","O","F","F","O","G",0,0,"N","quailpigeon",57.9,2,8,2,"Cinclosoma"
10756,"Columba vitiensis godmanae","White-throated Pigeon (Lord Howe Is subsp)","AVES","F","F","F","F","G","G",0,0,"N","quailpigeon",188.135185185185,2.92857142857143,9.33260869565217,1.84210526315789,"Columba"
10901,"Lophortyx californicus","California Quail","Non-passerine Birds","F","F","F","F","G","G",0,0,"N","quailpigeon",174.2,13,10,2,"Lophortyx"
10940,"Streptopelia risoria","Barbary Dove","Non-passerine Birds","F","F","F","F","G","G",0,0,"N","quailpigeon",188.135185185185,2.92857142857143,9.33260869565217,1.84210526315789,"Streptopelia"
10957,"Columba livia","Rock Dove","Non-passerine Birds","O","T","O","SG","G","Ledge",0,0,"N","quailpigeon",307.5,2,17.8,2,"Columba"
10989,"Streptopelia chinensis","Spotted Turtle-Dove","Non-passerine Birds","O","T","O","SG","G","V",0,0,"N","quailpigeon",160,1.9,7.7,2,"Streptopelia"
18996,"Coturnix coturnix","Common Quail","Non-passerine Birds","F","F","F","F","G","G",0,0,"N","quailpigeon",188.135185185185,2.92857142857143,9.33260869565217,1.84210526315789,"Coturnix"
10218,"Circus assimilis","Spotted Harrier","Non-passerine Birds","O","S","O","V","C","V",0,0,"C","raptors",610,3.1,42,2,"Circus"
10219,"Circus approximans","Swamp Harrier","Non-passerine Birds","W","W","O","V","C","G",0,0,"C","raptors",740,3.8,40,3,"Circus"
10220,"Accipiter novaehollandiae novaehollandiae","Grey Goshawk","Non-passerine Birds","F","F","F","V","C","V",0,0,"N","raptors",515,2.5,40.5,2,"Accipiter"
10221,"Accipiter fasciatus","Brown Goshawk","Non-passerine Birds","F","F","T","V","C","V",0,0,"C","raptors",440,3,32.5,2,"Accipiter"
10222,"Accipiter cirrhocephalus","Collared Sparrowhawk","Non-passerine Birds","F","F","T","V","C","V",0,0,"N","raptors",182.5,2.9,21,2,"Accipiter"
10224,"Aquila audax","Wedge-tailed Eagle","Non-passerine Birds","F","F","T","V","C","V",0,0,"N","raptors",3700,2,143,2,"Aquila"
10225,"Hieraaetus morphnoides","Little Eagle","Non-passerine Birds","F","F","T","V","C","V",0,0,"N","raptors",815,1.7,62,2,"Hieraaetus"
10226,"Haliaeetus leucogaster","White-bellied Sea-Eagle","Non-passerine Birds","W","W","O","V","C","V",0,0,"N","raptors",3350,2,117,2,"Haliaeetus"
10228,"Haliastur sphenurus","Whistling Kite","Non-passerine Birds","W","W","T","V","C","V",0,0,"N","raptors",775,2,56.5,2,"Haliastur"
10229,"Milvus migrans","Black Kite","Non-passerine Birds","O","S","O","V","C","V",0,0,"C","raptors",585,2.5,56,2,"Milvus"
10230,"Lophoictinia isura","Square-tailed Kite","Non-passerine Birds","F","F","T","V","C","V",0,0,"S","raptors",567.5,2.5,49.9444444444444,2.05,"Lophoictinia"
10232,"Elanus axillaris","Black-shouldered Kite","Non-passerine Birds","O","O","O","V","C","V",0,0,"N","raptors",280,3.4,49.9444444444444,2,"Elanus"
10235,"Falco longipennis","Australian Hobby","Non-passerine Birds","O","F","T","V","C","V",0,0,"N","raptors",250,2.8,28,2.05,"Falco"
10236,"Falco hypoleucos","Grey Falcon","Non-passerine Birds","O","S","O","V","C","V",0,0,"C","raptors",475,2.5,49.9444444444444,2.05,"Falco"
10237,"Falco peregrinus","Peregrine Falcon","Non-passerine Birds","F","F","T","V","C","Ledge",0,0,"N","raptors",745,3.5,48,2,"Falco"
10238,"Falco subniger","Black Falcon","Non-passerine Birds","O","S","O","V","C","V",0,0,"C","raptors",765,3.3,45,2,"Falco"
10239,"Falco berigora","Brown Falcon","Non-passerine Birds","O","O","O","V","C","V",0,0,"C","raptors",547.5,2.8,45,2,"Falco"
10240,"Falco cenchroides","Nankeen Kestrel","Non-passerine Birds","O","O","O","V","I","V",0,0,"C","raptors",175,3.8,20,2,"Falco"
10241,"Pandion cristatus","Osprey","Non-passerine Birds","W","O","O","W","I","W",0,1,"V","raptors",1250,3.8,20,2,"Pandion"
10242,"Ninox novaeseelandiae","Southern Boobook","Non-passerine Birds","F","F","T","V","I","LH",1,0,"N","raptors",282.5,3,49.9444444444444,2,"Ninox"
10246,"Ninox connivens connivens","Barking Owl","Non-passerine Birds","F","F","T","V","I","LH",1,0,"N","raptors",560,3,49.9444444444444,2,"Ninox"
10248,"Ninox strenua","Powerful Owl","Non-passerine Birds","F","F","F","V","C","LH",1,0,"N","raptors",1350,2,56.5,2,"Ninox"
10249,"Tyto javanica","Pacific Barn Owl","Non-passerine Birds","O","F","O","V","C","LH",0,0,"C","raptors",335,2.99230769230769,49.9444444444444,2.05,"Tyto"
10250,"Tyto novaehollandiae novaehollandiae","Masked Owl","Non-passerine Birds","F","F","O","V","C","LH",1,0,"N","raptors",840,2.99230769230769,49.9444444444444,2.05,"Tyto"
10252,"Tyto longimembris","Eastern Grass Owl","Non-passerine Birds","O","S","O","V","C","X",0,1,"V","raptors",310,5,49.9444444444444,2.05,"Tyto"
10253,"Tyto tenebricosa tenebricosa","Sooty Owl","Non-passerine Birds","F","S","O","V","C","LH",1,1,"N","raptors",690,5,49.9444444444444,2.05,"Tyto"
10231,"Hamirostra melanosternon","Black-breasted Buzzard","Non-passerine Birds","O","S","O","V","C","X",0,1,"V","raptors",1300,2.5,49.9444444444444,2.05,"Hamirostra"
10233,"Elanus scriptus","Letter-winged Kite","Non-passerine Birds","O","S","O","V","C","V",0,0,"E","raptors",285,3.4,26,2,"Elanus"
10334,"Hirundapus caudacutus","White-throated Needletail","Non-passerine Birds","F","F","O","A","I","X",0,0,"S","RTTCtails",117.5,3.01315789473684,5.75,2,"Hirundapus"
10361,"Rhipidura albiscarpa","Grey Fantail","Passerine Birds","F","F","F","C","I","V",0,0,"SP","RTTCtails",8,3,1.35,2,"Rhipidura"
10362,"Rhipidura rufifrons","Rufous Fantail","Passerine Birds","F","F","F","TS","I","V",0,0,"S","RTTCtails",10,2.5,2.08939393939394,2,"Rhipidura"
10364,"Rhipidura leucophrys","Willie Wagtail","Passerine Birds","O","O","T","OG","I","V",0,0,"N","RTTCtails",18,3,2.42,2,"Rhipidura"
10380,"Petroica boodang","Scarlet Robin","Passerine Birds","F","F","F","OT","I","V",0,0,"N","RTTCtails",13,2.5,1.52,2,"Petroica"
10381,"Petroica goodenovii","Red-capped Robin","Passerine Birds","F","F","F","OT","I","V",0,0,"N","RTTCtails",9,2.5,1.35,2,"Petroica"
10382,"Petroica phoenicea","Flame Robin","Passerine Birds","F","F","T","OG","I","V",0,0,"L","RTTCtails",13,3.5,2.08,2,"Petroica"
10383,"Petroica rodinogaster","Pink Robin","Passerine Birds","F","F","F","DG","I","V",0,0,"L","RTTCtails",10,3,1.9,2,"Petroica"
10384,"Petroica rosea","Rose Robin","Passerine Birds","F","F","F","TS","I","V",0,0,"SP","RTTCtails",8,2.5,1.48,2,"Petroica"
10385,"Melanodryas cucullata cucullata","Hooded Robin","Passerine Birds","F","F","F","OT","I","V",0,0,"N","RTTCtails",22,2.5,1.48,2,"Melanodryas"
10392,"Eopsaltria australis","Eastern Yellow Robin","Passerine Birds","F","F","F","DG","I","V",0,0,"N","RTTCtails",20,2.5,2.73,2,"Eopsaltria"
10470,"Acanthiza lineata","Striated Thornbill","Passerine Birds","F","F","F","C","I","V",0,0,"N","RTTCtails",7,3,1.32,2,"Acanthiza"
10471,"Acanthiza nana","Yellow Thornbill","Passerine Birds","F","F","F","TS","I","V",0,0,"N","RTTCtails",7,3,1.34,2,"Acanthiza"
10475,"Acanthiza pusilla","Brown Thornbill","Passerine Birds","F","F","F","TS","I","V",0,0,"N","RTTCtails",7,3,1.4,2,"Acanthiza"
10476,"Acanthiza apicalis","Inland Thornbill","Passerine Birds","F","F","F","TS","I","V",0,0,"N","RTTCtails",7,2.5,2.08939393939394,2,"Acanthiza"
10481,"Acanthiza uropygialis","Chestnut-rumped Thornbill","Passerine Birds","F","F","F","OT","I","SH",1,0,"N","RTTCtails",6,3,1.18,2,"Acanthiza"
10482,"Acanthiza iredalei hedleyi","Slender-billed Thornbill","Passerine Birds","O","S","F","LS","I","V",0,0,"N","RTTCtails",6,3,0.93,2,"Acanthiza"
10484,"Acanthiza reguloides","Buff-rumped Thornbill","Passerine Birds","F","F","F","OT","I","V",0,0,"N","RTTCtails",8,3,1.22,2,"Acanthiza"
10486,"Acanthiza chrysorrhoa","Yellow-rumped Thornbill","Passerine Birds","O","O","T","OG","I","V",0,0,"N","RTTCtails",9,3.5,1.44,2,"Acanthiza"
10558,"Cormobates leucophaeus","White-throated Treecreeper","Passerine Birds","F","F","F","B","I","SH",1,0,"N","RTTCtails",22,2.5,2.08939393939394,2,"Cormobates"
10560,"Climacteris erythrops","Red-browed Treecreeper","Passerine Birds","F","F","F","B","I","SH",1,0,"N","RTTCtails",23,2,2.08939393939394,2,"Climacteris"
10561,"Climacteris affinis","White-browed Treecreeper","Passerine Birds","F","F","F","B","I","SH",1,0,"N","RTTCtails",21,2,2.86,2,"Climacteris"
10650,"Stagonopleura bella","Beautiful Firetail","Passerine Birds","F","F","F","SG","G","V",0,0,"N","RTTCtails",14,5.5,1.55,2,"Stagonopleura"
10652,"Stagonopleura guttata","Diamond Firetail","Passerine Birds","F","F","F","SG","G","V",0,0,"N","RTTCtails",17,5,1.6,2,"Stagonopleura"
60555,"Climacteris picumnus victoriae","Brown Treecreeper (south-eastern ssp)","Passerine Birds","F","F","F","OG","I","V",0,0,"N","RTTCtails",39.99375,3.01315789473684,2.08939393939394,2,"Climacteris"
10387,"Eopsaltria georgiana","White-breasted Robin","AVES","F","F","F","OG","I","V",0,0,"N","RTTCtails",19.15,2,2.59,2,"Eopsaltria"
10389,"Heteromyias cinereifrons","Grey-headed Robin","AVES","F","F","F","OG","I","V",0,0,"N","RTTCtails",35.4,1.5,4.2,2,"Heteromyias"
10390,"Poecilodryas superciliosa","White-browed Robin","AVES","F","F","F","OG","I","V",0,0,"N","RTTCtails",19.9,2,2.04,2,"Poecilodryas"
10394,"Eopsaltria griseogularis","Western Yellow Robin","AVES","F","F","F","OG","I","V",0,0,"N","RTTCtails",19.95,2,2.08939393939394,2,"Eopsaltria"
10396,"Tregellasia capito","Pale-yellow Robin","AVES","F","F","F","OG","I","V",0,0,"N","RTTCtails",13.3,2,2.3,2,"Tregellasia"
10397,"Tregellasia leucops","White-faced Robin","AVES","F","F","F","OG","I","V",0,0,"N","RTTCtails",14.85,2,2,2,"Tregellasia"
10472,"Acanthiza inornata","Western Thornbill","Passerine Birds","F","F","F","OG","I","V",0,0,"N","RTTCtails",7,3,1.35,2,"Acanthiza"
10474,"Acanthiza katherina","Mountain Thornbill","Passerine Birds","F","F","F","OG","I","V",0,0,"N","RTTCtails",7,2.5,2.08939393939394,2,"Acanthiza"
10480,"Acanthiza robustirostris","Slaty-backed Thornbill","Passerine Birds","F","S","F","OG","I","V",0,0,"N","RTTCtails",6,3,1.33,2,"Acanthiza"
10555,"Climacteris picumnus","Brown Treecreeper","AVES","F","F","F","B","I","SH",1,0,"N","RTTCtails",32,3,4.05,2,"Climacteris"
10556,"Climacteris rufa","Rufous Treecreeper","AVES","F","S","F","OG","I","V",0,0,"N","RTTCtails",32.7,2,4.18,2,"Climacteris"
10781,"Motacilla alba lugens","Black-backed Wagtail","AVES","F","F","F","OG","I","V",0,0,"N","RTTCtails",39.99375,3.01315789473684,2.08939393939394,2,"Motacilla"
10800,"Anas acuta","Northern Pintail","Non-passerine Birds","F","F","F","OG","I","V",0,0,"N","RTTCtails",905,3.01315789473684,2.08939393939394,2,"Anas"
10874,"Motacilla alba","White Wagtail","Passerine Birds","O","T","F","OG","I","X",0,1,"V","RTTCtails",25,5.6,2.3,2,"Motacilla"
10875,"Motacilla cinerea","Grey Wagtail","AVES","F","W","F","OG","I","V",0,0,"N","RTTCtails",17.35,5,1.91,2,"Motacilla"
10876,"Motacilla citreola","Citrine Wagtail","AVES","F","W","F","OG","I","V",0,0,"N","RTTCtails",21.65,5,2,2,"Motacilla"
10877,"Motacilla flava","Yellow Wagtail","Passerine Birds","O","O","F","OG","I","X",0,1,"S","RTTCtails",21,5.4,1.8,2,"Motacilla"
10115,"Thalaseus bergii","Crested Tern","Waders","W","C","O","W","C","W",0,0,"C","terngullgannet",310,1,35.631875,2,"Thalaseus"
10125,"Chroicocephalus novaehollandiae","Silver Gull","Waders","W","W","O","W","I","W",0,0,"C","terngullgannet",290,2.1,40.2,2,"Chroicocephalus"
10104,"Morus serrator","Australasian Gannet","Marine Birds","W","C","O","W","C","W",0,0,"C","terngullgannet",2300,1,35.631875,2,"Morus"
10109,"Chlidonias leucopterus","White-winged Black Tern","Waders","W","W","O","W","I","X",0,0,"S","terngullgannet",60,2.8,10.5,2,"Chlidonias"
10110,"Chlidonias hybridus javanicus","Whiskered Tern","Waders","W","W","O","W","I","W",0,0,"S","terngullgannet",80,2.8,16,2,"Chlidonias"
10111,"Gelochelidon nilotica macrotarsa","Gull-billed Tern","Waders","W","W","O","W","C","W",0,0,"C","terngullgannet",265,2.5,35.631875,2,"Gelochelidon"
10112,"Hydroprogne caspia","Caspian Tern","Waders","W","W","O","W","C","W",0,0,"C","terngullgannet",680,2.4,65,2,"Hydroprogne"
10113,"Sterna dougallii","Roseate Tern","AVES","W","C","O","W","C","W",0,0,"C","terngullgannet",484.141304347826,1.5,20.4,2,"Sterna"
10114,"Sterna striata","White-fronted Tern","Waders","W","CP","O","W","C","X",0,0,"W","terngullgannet",130,1.1,35.631875,2,"Sterna"
10117,"Sternula albifrons sinensis","Little Tern","Waders","W","C","O","W","C","W",0,0,"C","terngullgannet",50,2.2,10,2,"Sternula"
10118,"Sternula nereis nereis","Fairy Tern","Waders","W","C","O","W","C","W",0,0,"C","terngullgannet",70,1.8,10.2,2,"Sternula"
10119,"Sterna sumatrana","Black-naped Tern","AVES","W","C","O","W","C","W",0,0,"C","terngullgannet",106,1.6,16.1,2,"Sterna"
10120,"Onychoprion fuscata","Sooty Tern","Waders","W","P","O","W","C","X",0,1,"V","terngullgannet",227.5,1,40.2,2,"Onychoprion"
10121,"Onychoprion anaethetus","Bridled Tern","Waders","W","P","O","W","C","X",0,1,"V","terngullgannet",145,1,20,2,"Onychoprion"
10783,"Xema sabini","Sabine's Gull","AVES","W","C","O","W","C","W",0,0,"C","terngullgannet",484.141304347826,2.025,35.631875,2,"Xema"
10785,"Leucophaeus atricalla","Laughing Gull","Waders","W","C","O","W","C","X",0,1,"V","terngullgannet",300,2.025,35.631875,2,"Leucophaeus"
10825,"Morus capensis","Cape Gannet","Non-passerine Birds","W","C","O","W","C","W",0,0,"C","terngullgannet",2636.5,1,105,2,"Morus"
10856,"Larus crassirostris","Black-tailed Gull","Waders","W","C","O","W","I","X",0,1,"V","terngullgannet",555,2.025,35.631875,2,"Larus"
10884,"Chlidonias niger","Black Tern","AVES","W","C","O","W","C","W",0,0,"C","terngullgannet",60.25,2.6,11,2,"Chlidonias"
10885,"Leucophaeus pipixcan","Franklins Gull","Waders","W","C","O","W","C","X",0,1,"V","terngullgannet",280,2.025,35.631875,2,"Leucophaeus"
10952,"Sterna paradisaea","Arctic Tern","Marine Birds","W","P","O","W","C","X",0,0,"C","terngullgannet",110,2.025,35.631875,2,"Sterna"
10953,"Sterna hirundo","Common Tern","Marine Birds","W","C","O","W","C","X",0,0,"S","terngullgannet",120,2.5,21,2,"Sterna"
10972,"Gygis alba","White Tern","AVES","W","C","O","W","C","W",0,0,"C","terngullgannet",484.141304347826,2.025,35.631875,2,"Gygis"
10981,"Larus dominicanus","Kelp Gull","Waders","W","C","O","W","I","W",0,0,"N","terngullgannet",940,2.4,84.2,2,"Larus"
10982,"Procelsterna cerulea","Grey Ternlet","Marine Birds","W","P","O","W","C","X",0,1,"V","terngullgannet",70,5,1.91,2,"Procelsterna"
60126,"Larus pacificus pacificus","Pacific Gull","Waders","W","C","O","W","C","W",0,0,"C","terngullgannet",1350,2.2,98.4,2,"Larus"
10020,"Pedionomus torquatus","Plains-wanderer","Non-passerine Birds","O","S","O","OG","G","G",0,0,"C","waders",67.5,3.6,10,1,"Pedionomus"
10132,"Erythrogonys cinctus","Red-kneed Dotterel","Waders","W","W","O","W","I","W",0,0,"C","waders",47.5,3.7,10.2833333333333,2,"Erythrogonys"
10139,"Charadrius mongolus","Lesser Sand Plover","Waders","W","C","O","W","I","X",0,0,"S","waders",63.5,3.585,10.2833333333333,2.18181818181818,"Charadrius"
10140,"Charadrius bicinctus","Double-banded Plover","Waders","W","W","O","W","I","X",0,0,"W","waders",70,2.9,11.5,2,"Charadrius"
10143,"Charadrius ruficapillus","Red-capped Plover","Waders","W","W","O","W","I","W",0,0,"C","waders",37.5,2,10.2833333333333,2,"Charadrius"
10144,"Elseyornis melanops","Black-fronted Dotterel","Waders","W","W","O","W","I","W",0,0,"C","waders",32.5,2.5,10.2833333333333,2,"Elseyornis"
10154,"Tringa glareola","Wood Sandpiper","Waders","W","W","O","W","I","X",0,0,"S","waders",55,4,13.5,2,"Tringa"
10157,"Actitis hypoleucos","Common Sandpiper","Waders","W","W","O","W","I","X",0,0,"SP","waders",61,3.585,12.5,2.18181818181818,"Actitis"
10159,"Tringa stagnatilis","Marsh Sandpiper","Waders","W","W","O","W","I","X",0,0,"SP","waders",70,4,14,2.18181818181818,"Tringa"
10161,"Calidris ferruginea","Curlew Sandpiper","Waders","W","W","O","W","I","X",0,0,"SP","waders",57,3.585,12,2.18181818181818,"Calidris"
10162,"Calidris ruficollis","Red-necked Stint","Waders","W","W","O","W","I","X",0,0,"SP","waders",25,3.585,8.3,2,"Calidris"
10163,"Calidris acuminata","Sharp-tailed Sandpiper","Waders","W","W","O","W","I","X",0,0,"S","waders",65,3.585,13.7,4,"Calidris"
10166,"Calidris alba","Sanderling","Waders","W","C","O","W","I","X",0,0,"SP","waders",60,3.9,11.2,1,"Calidris"
10167,"Limicola falcinellus","Broad-billed Sandpiper","Non-passerine Birds","W","C","O","W","I","X",0,0,"S","waders",40,4,9.1,2.18181818181818,"Limicola"
10173,"Stiltia isabella","Australian Pratincole","Non-passerine Birds","W","S","O","W","I","W",0,0,"C","waders",65,1.9,7,2,"Stiltia"
10965,"Calidris subminuta","Long-toed Stint","Waders","W","W","O","W","I","X",0,0,"S","waders",25,3.585,7.5,2.18181818181818,"Calidris"
10978,"Calidris melanotos","Pectoral Sandpiper","Waders","W","W","O","W","I","X",0,0,"S","waders",72.5,4,13.1,5,"Calidris"
10827,"Calidris himantopus","Stilt Sandpiper","Waders","W","W","O","W","I","X",0,1,"V","waders",58,3.585,11.2,2,"Calidris"
10835,"Phalaropus fulicaria","Grey Phalarope","Waders","W","W","O","W","I","X",0,1,"V","waders",56,3.8,7.5,1,"Phalaropus"
10849,"Calidris fuscicollis","White-rumped Sandpiper","Non-passerine Birds","W","W","O","W","I","X",0,1,"V","waders",45,4,10.8,4,"Calidris"
10851,"Charadrius dubius","Little Ringed Plover","Waders","W","W","O","W","I","X",0,1,"V","waders",40,3.9,7.7,2,"Charadrius"
10857,"Calidris minuta","Little Stint","Waders","W","W","O","W","I","X",0,1,"V","waders",25,3.8,6.3,1,"Calidris"
10886,"Steganopus tricolor","Wilsons Phalarope","Waders","W","W","O","W","I","X",0,1,"V","waders",60,3.585,9.4,1,"Steganopus"
10887,"Tryngites subruficollis","Buff-breasted Sandpiper","Waders","W","W","O","W","I","X",0,1,"V","waders",60,4,13,5,"Tryngites"
10888,"Calidris alpina","Dunlin ","Waders","W","W","O","W","I","X",0,1,"V","waders",60,4,10.7,2,"Calidris"
10890,"Calidris bairdii","Bairds Sandpiper","Waders","W","W","O","W","I","X",0,1,"V","waders",40,4,9.6,2,"Calidris"
10895,"Charadrius hiaticula","Ringed Plover","Waders","W","C","O","W","I","X",0,1,"V","waders",60,3.8,10.9,2,"Charadrius"
10932,"Phalaropus lobatus","Red-necked Phalarope","Non-passerine Birds","W","W","O","W","I","X",0,0,"SP","waders",34,3.9,6.3,1,"Phalaropus"
10129,"Arenaria interpres","Ruddy Turnstone","Waders","W","C","O","W","I","X",0,0,"SP","waders75g",115,4,17.9,2,"Arenaria"
10130,"Haematopus longirostris","Pied Oystercatcher","Waders","W","C","O","W","I","W",0,0,"C","waders75g",700,2.1,49,2,"Haematopus"
10131,"Haematopus fuliginosus","Sooty Oystercatcher","Waders","W","C","O","W","I","W",0,0,"N","waders75g",750,1.8,69.5,2,"Haematopus"
10133,"Vanellus miles","Masked Lapwing","Waders","W","W","O","W","I","W",0,0,"C","waders75g",230,3.6,32,2,"Vanellus"
10135,"Vanellus tricolor","Banded Lapwing","Waders","O","O","O","W","I","W",0,0,"C","waders75g",175,3.8,21.6,2,"Vanellus"
10136,"Pluvialis squatarola","Grey Plover","Waders","W","C","O","W","I","X",0,0,"SP","waders75g",250,4,34.2,2,"Pluvialis"
10137,"Pluvialis fulva","Pacific Golden Plover","Waders","W","C","O","W","I","X",0,0,"S","waders75g",147.5,3.9,32.1352941176471,2.21428571428571,"Pluvialis"
10138,"Thinornis rubricollis rubricollis","Hooded Plover","Waders","W","C","O","W","I","W",0,0,"N","waders75g",95,3.9,32.1352941176471,2.21428571428571,"Thinornis"
10141,"Charadrius leschenaultii","Greater Sand Plover","Waders","W","C","O","W","I","X",0,0,"S","waders75g",87.5,2.8,32.1352941176471,2.21428571428571,"Charadrius"
10145,"Charadrius australis","Inland Dotterel","Non-passerine Birds","W","S","O","W","O","W",0,0,"C","waders75g",80,3,32.1352941176471,2,"Charadrius"
10147,"Cladorhynchus leucocephalus","Banded Stilt","Waders","W","W","O","W","I","X",0,0,"E","waders75g",240,3,32.1352941176471,2.21428571428571,"Cladorhynchus"
10148,"Recurvirostra novaehollandiae","Red-necked Avocet","Waders","W","W","O","W","I","W",0,0,"C","waders75g",310,3.9,32.1352941176471,2.21428571428571,"Recurvirostra"
10149,"Numenius madagascariensis","Eastern Curlew","Waders","W","C","O","W","I","X",0,0,"SP","waders75g",900,3.36086956521739,32.1352941176471,2.21428571428571,"Numenius"
10150,"Numenius phaeopus","Whimbrel","Waders","W","C","O","W","I","X",0,0,"SP","waders75g",350,3.7,50,2,"Numenius"
10153,"Limosa lapponica","Bar-tailed Godwit","Waders","W","C","O","W","I","X",0,0,"SP","waders75g",350,3.7,37,2,"Limosa"
10155,"Heteroscelus brevipes","Grey-tailed Tattler","Waders","W","C","O","W","I","X",0,0,"SP","waders75g",125,3.36086956521739,32.1352941176471,2.21428571428571,"Heteroscelus"
10158,"Tringa nebularia","Common Greenshank","Waders","W","W","O","W","I","X",0,0,"SP","waders75g",170,3.9,30.5,2.21428571428571,"Tringa"
10160,"Xenus cinereus","Terek Sandpiper","Waders","W","C","O","W","I","X",0,0,"SP","waders75g",95,3.36086956521739,32.1352941176471,2.21428571428571,"Xenus"
10164,"Calidris canutus","Red Knot","Waders","W","C","O","W","I","X",0,0,"SP","waders75g",120,3.9,19.3,2,"Calidris"
10165,"Calidris tenuirostris","Great Knot","Waders","W","C","O","W","I","X",0,0,"S","waders75g",155,3.36086956521739,22,2.21428571428571,"Calidris"
10168,"Gallinago hardwickii","Lathams Snipe","Non-passerine Birds","W","W","O","W","I","X",0,0,"S","waders75g",190,3.36086956521739,32.1352941176471,2.21428571428571,"Gallinago"
10170,"Rostratula benghalensis australis","Australian Painted Snipe","Non-passerine Birds","W","C","O","W","I","W",0,0,"S","waders75g",127.5,3.36086956521739,32.1352941176471,2.21428571428571,"Rostratula"
10174,"Burhinus grallarius","Bush Stone-curlew","Non-passerine Birds","F","F","F","OT","I","G",0,0,"N","waders75g",647.5,1.9,41.8,2,"Burhinus"
10142,"Charadrius veredus","Oriental Plover","Waders","W","S","O","W","I","X",0,1,"V","waders75g",95,3.36086956521739,32.1352941176471,2.21428571428571,"Charadrius"
10146,"Himantopus himantopus","Black-winged Stilt","Waders","W","W","O","W","I","W",0,0,"C","waders75g",182.5,3.9,21.8,2.21428571428571,"Himantopus"
10151,"Numenius minutus","Little Curlew","Waders","W","S","O","W","I","X",0,1,"V","waders75g",175,3.36086956521739,32.1352941176471,2.21428571428571,"Numenius"
10152,"Limosa limosa","Black-tailed Godwit","Waders","W","W","O","W","I","X",0,0,"SP","waders75g",250,3.9,39,2,"Limosa"
10172,"Glareola maldivarum","Oriental Pratincole","Non-passerine Birds","W","W","O","W","I","X",0,1,"V","waders75g",75,3.36086956521739,32.1352941176471,2.21428571428571,"Glareola"
10175,"Esacus neglectus","Beach Stone-curlew","Non-passerine Birds","W","C","O","W","I","X",0,1,"V","waders75g",1000,1,32.1352941176471,2.21428571428571,"Esacus"
10809,"Tringa flavipes","Lesser Yellowlegs","Waders","W","W","O","W","I","X",0,1,"V","waders75g",80,4,17.4,2,"Tringa"
10815,"Limosa haemastica","Hudsonian Godwit","AVES","W","C","O","W","I","X",0,1,"V","waders75g",255,3.36086956521739,32.1352941176471,2.21428571428571,"Limosa"
10820,"Tringa erythropus","Spotted Redshank","Waders","W","C","O","W","I","X",0,1,"V","waders75g",155,3.36086956521739,32.1352941176471,2.21428571428571,"Tringa"
10891,"Tringa totanus","Common Redshank","AVES","W","W","O","W","I","X",0,1,"V","waders75g",120,3.9,22.3,2.21428571428571,"Tringa"
10934,"Philomachus pugnax","Ruff","Waders","W","W","O","W","I","X",0,0,"S","waders75g",145,3.7,21,5,"Philomachus"
10939,"Limnodromus semipalmatus","Asian Dowitcher","Waders","W","C","O","W","I","X",0,0,"V","waders75g",185,3.36086956521739,32.1352941176471,2.21428571428571,"Limnodromus"
10198,"Cereopsis novaehollandiae","Cape Barren Goose","Non-passerine Birds","W","W","O","W","H","W",0,0,"N","waterbirds1",5000,4.2,137,2,"Cereopsis"
10199,"Anseranas semipalmata","Magpie Goose","Non-passerine Birds","W","W","O","W","H","W",0,0,"C","waterbirds1",2400,9.1,128,2,"Anseranas"
10202,"Chenonetta jubata","Australian Wood Duck","Non-passerine Birds","W","W","O","W","H","W",0,0,"C","waterbirds1",800,10,54,2,"Chenonetta"
10203,"Cygnus atratus","Black Swan","Non-passerine Birds","W","W","O","W","I","W",0,0,"C","waterbirds1",5500,4.6,258,2,"Cygnus"
10204,"Dendrocygna arcuata","Wandering Whistling-Duck","Non-passerine Birds","W","W","O","W","H","W",0,1,"V","waterbirds1",735,10.5,40,2,"Dendrocygna"
10205,"Dendrocygna eytoni","Plumed Whistling-Duck","Non-passerine Birds","W","W","O","W","H","W",0,0,"C","waterbirds1",1000,11,40,2,"Dendrocygna"
10207,"Tadorna tadornoides","Australian Shelduck","Non-passerine Birds","W","W","O","W","I","W",0,0,"C","waterbirds1",1450,9.3,93,2,"Tadorna"
10208,"Anas superciliosa","Pacific Black Duck","Non-passerine Birds","W","W","O","W","I","W",0,0,"C","waterbirds1",1036,11,63,2,"Anas"
10210,"Anas castanea","Chestnut Teal","Non-passerine Birds","W","W","O","W","I","W",0,0,"C","waterbirds1",650,9.5,40,2,"Anas"
10211,"Anas gracilis","Grey Teal","Non-passerine Birds","W","W","O","W","I","W",0,0,"C","waterbirds1",488.5,8.3,90.9578947368421,2,"Anas"
10212,"Anas rhynchotis","Australasian Shoveler","Non-passerine Birds","W","W","O","W","I","W",0,0,"C","waterbirds1",650,10,43.2,2,"Anas"
10213,"Malacorhynchus membranaceus","Pink-eared Duck","Non-passerine Birds","W","W","O","W","I","W",0,0,"C","waterbirds1",375,7.2,90.9578947368421,2,"Malacorhynchus"
10214,"Stictonetta naevosa","Freckled Duck","Non-passerine Birds","W","W","O","W","I","W",0,0,"C","waterbirds1",910,6,66,2,"Stictonetta"
10215,"Aythya australis","Hardhead","Non-passerine Birds","W","W","O","W","I","W",0,0,"C","waterbirds1",850,11,60,2.15789473684211,"Aythya"
10216,"Oxyura australis","Blue-billed Duck","Non-passerine Birds","W","W","O","W","C","W",0,0,"C","waterbirds1",850,5.5,90,2,"Oxyura"
10217,"Biziura lobata","Musk Duck","Non-passerine Birds","W","W","O","W","I","W",0,0,"C","waterbirds1",1975,2.8,128,5,"Biziura"
10200,"Nettapus coromandelianus","Cotton Pygmy-goose","Non-passerine Birds","W","W","O","W","H","W",0,1,"V","waterbirds1",391.5,11.5,27,2,"Nettapus"
10209,"Anas querquedula","Garganey","Non-passerine Birds","W","W","O","W","I","W",0,1,"V","waterbirds1",390,8.5,27,2.15789473684211,"Anas"
10905,"Anas clypeata","Northern Shoveler","Non-passerine Birds","W","W","O","W","I","W",0,1,"V","waterbirds1",755,9.2,40,2,"Anas"
10906,"Cygnus olor","Mute Swan","Non-passerine Birds","W","W","O","W","H","W",0,0,"X","waterbirds1",10750,5.3,340,2,"Cygnus"
10948,"Anas platyrhynchos","Northern Mallard","Non-passerine Birds","W","W","O","W","I","W",0,0,"N","waterbirds1",1500,10.5,54,2,"Anas"
19067,"Cairina moschata","Muscovy Duck","Non-passerine Birds","W","W","O","W","I","W",0,0,"C","waterbirds1",1831.2380952381,8.33333333333333,90.9578947368421,2.15789473684211,"Cairina"
10045,"Lewinia pectoralis pectoralis","Lewins Rail","Non-passerine Birds","W","W","O","W","I","W",0,0,"C","waterbirds2",87.5,4.91,23.58,2,"Lewinia"
10046,"Gallirallus philippensis","Buff-banded Rail","Non-passerine Birds","W","W","O","W","I","W",0,0,"C","waterbirds2",180,4.7,15.3,2,"Gallirallus"
10049,"Porzana fluminea","Australian Spotted Crake","Non-passerine Birds","W","W","O","W","I","W",0,0,"C","waterbirds2",60,4.6,8.9,2,"Porzana"
10050,"Porzana pusilla palustris","Baillons Crake","Non-passerine Birds","W","W","O","W","I","W",0,0,"S","waterbirds2",30,4.91,23.58,2,"Porzana"
10051,"Porzana tabuensis","Spotless Crake","Non-passerine Birds","W","W","O","W","I","W",0,0,"C","waterbirds2",45,2.6,8.3,2,"Porzana"
10055,"Gallinula ventralis","Black-tailed Native-hen","Non-passerine Birds","W","W","O","W","H","W",0,0,"C","waterbirds2",400,5.9,24,2,"Gallinula"
10056,"Gallinula tenebrosa","Dusky Moorhen","Non-passerine Birds","W","W","O","W","O","W",0,0,"N","waterbirds2",525,8,34,2,"Gallinula"
10058,"Porphyrio porphyrio","Purple Swamphen","Non-passerine Birds","W","W","O","W","H","W",0,0,"N","waterbirds2",950,4,41.5,2,"Porphyrio"
10059,"Fulica atra","Eurasian Coot","Non-passerine Birds","W","W","O","W","H","W",0,0,"C","waterbirds2",545,8,36.5,2,"Fulica"
10060,"Podiceps cristatus","Great Crested Grebe","Non-passerine Birds","W","W","O","W","C","W",0,0,"C","waterbirds2",1100,3.8,39.5,2,"Podiceps"
10061,"Tachybaptus novaehollandiae","Australasian Grebe","Non-passerine Birds","W","W","O","W","I","W",0,0,"C","waterbirds2",165,4.1,12,2,"Tachybaptus"
10062,"Poliocephalus poliocephalus","Hoary-headed Grebe","Non-passerine Birds","W","W","O","W","I","W",0,0,"C","waterbirds2",240,3.4,15.8,2,"Poliocephalus"
10195,"Ixobrychus minutus dubius","Little Bittern","Non-passerine Birds","W","W","F","W","C","W",0,0,"V","otherBirds",85,5.5,13,2.22448979591837,"Ixobrychus"
19010,"Dasyornis broadbenti broadbenti","Rufous Bristlebird (coorong subsp)","Passerine Birds","W","F","F","W","I","W",0,0,"V","passerine75g",1613.16038961039,3.25061728395062,37.2277192982456,2.22448979591837,"Dasyornis"
19011,"Dasyornis broadbenti caryochrus","Rufous Bristlebird (Otways subsp)","Passerine Birds","W","F","F","W","I","W",0,0,"V","passerine75g",1613.16038961039,3.25061728395062,37.2277192982456,2.22448979591837,"Dasyornis"
60291,"Barnardius zonarius barnardi","Mallee Ringneck","Non-passerine Birds","W","F","F","W","I","W",0,0,"V","parrots",1613.16038961039,3.25061728395062,37.2277192982456,2.22448979591837,"Barnardius"
10006,"Megapodius reinwardt","Orange-footed Scrubfowl","AVES","W","F","F","W","I","W",0,0,"V","MISSING",1613.16038961039,3.25061728395062,37.2277192982456,2.22448979591837,"Megapodius"
10036,"Phaps histrionica","Flock Bronzewing","AVES","W","S","O","W","G","W",0,0,"V","MISSING",289.2,2,9.6,2.22448979591837,"Phaps"
10053,"Amaurornis olivaceus","Bush-hen","Non-passerine Birds","W","W","F","W","O","W",0,0,"V","MISSING",191.5,5.5,37.2277192982456,2.22448979591837,"Amaurornis"
10103,"Sula sula","Red-footed Booby","AVES","W","CP","O","W","C","W",0,0,"V","MISSING",998,1,53,2,"Sula"
10105,"Sula dactylatra","Masked Booby","AVES","W","CP","O","W","C","W",0,0,"V","MISSING",2266.65,1.6,77,2,"Sula"
10116,"Thalasseus bengalensis","Thalasseus bengalensis","AVES","W","W","O","W","C","W",0,0,"V","MISSING",1613.16038961039,1,37.2277192982456,2.22448979591837,"Thalasseus"
10124,"Anous minutus","Black Noddy","Non-passerine Birds","W","F","F","W","I","W",0,0,"V","MISSING",114.5,1,25.1,2,"Anous"
10156,"Tringa incana","Wandering Tattler","AVES","W","F","F","W","I","W",0,0,"V","MISSING",108.5,3.25061728395062,37.2277192982456,2.22448979591837,"Tringa"
10171,"Irediparra gallinacea","Comb-crested Jacana","AVES","W","W","O","W","H","W",0,0,"V","MISSING",113.5,4,37.2277192982456,1,"Irediparra"
10201,"Nettapus pulchellus","Green Pygmy-Goose","AVES","W","O","F","W","H","W",0,0,"V","MISSING",307,10,30,2,"Nettapus"
10206,"Tadorna radjah","Radjah Shelduck","AVES","W","W","O","W","I","W",0,0,"V","MISSING",886.5,9,59,2,"Tadorna"
10223,"Erythrotriorchis radiatus","Red Goshawk","AVES","W","F","F","W","C","W",0,0,"V","MISSING",937.5,1.5,37.2277192982456,2.22448979591837,"Erythrotriorchis"
10227,"Milvus indus","Brahminy Kite","Non-passerine Birds","W","C","F","W","C","W",0,0,"V","MISSING",1613.16038961039,1.5,37.2277192982456,2.22448979591837,"Milvus"
10234,"Aviceda subcristata","Pacific Baza","Non-passerine Birds","W","F","T","W","C","W",0,0,"V","MISSING",308,2.5,29,2,"Aviceda"
10275,"Eclectus roratus","Eclectus Parrot","AVES","W","F","F","W","FG","W",0,0,"V","MISSING",561.15,2,37.2277192982456,2,"Eclectus"
10280,"Aprosmictus erythropterus","Red-winged Parrot","Non-passerine Birds","W","F","T","W","FG","W",0,0,"V","MISSING",165,5,11.5,2,"Aprosmictus"
10285,"Platycercus caledonicus","Green Rosella","AVES","W","F","F","W","G","W",0,0,"V","parrots",133.35,6,8.8,2,"Platycercus"
10286,"Platycercus adscitus","Pale-headed Rosella","Non-passerine Birds","W","F","T","W","G","W",0,0,"V","parrots",111.9,6,7,2,"Platycercus"
10289,"Platycercus icterotis","Western Rosella","Non-passerine Birds","W","F","T","W","FG","W",0,0,"V","parrots",63.65,5.6,6.1,2.22448979591837,"Platycercus"
10290,"Purpureicephalus spurius","Red-capped Parrot","Non-passerine Birds","W","F","F","W","G","W",0,0,"V","MISSING",115.25,5.3,7.15,2,"Purpureicephalus"
10293,"Barnardius zonarius semitorquatus","[Twenty Eight Parrot]","AVES","W","F","F","W","I","W",0,0,"V","MISSING",1613.16038961039,3.25061728395062,37.2277192982456,2.22448979591837,"Barnardius"
10298,"Northiella haematogaster narethae","[Naretha Blue Bonnet]","AVES","W","F","F","W","I","W",0,0,"V","MISSING",1613.16038961039,3.25061728395062,37.2277192982456,2.22448979591837,"Northiella"
10300,"Psephotus chrysopterygius","Golden-shouldered Parrot","AVES","W","F","T","W","G","W",0,0,"V","MISSING",41.5,5.6,2.9,2,"Psephotus"
10301,"Psephotus dissimilis","Hooded Parrot","AVES","W","F","T","W","G","W",0,0,"V","MISSING",48.15,4.3,37.2277192982456,2,"Psephotus"
10304,"Neopsephotus bourkii","Bourke's Parrot","AVES","W","F","F","W","G","W",0,0,"V","MISSING",44.45,3.5,3.75,2,"Neopsephotus"
10308,"Neophema petrophila","Rock Parrot","AVES","W","S","O","W","FG","W",0,0,"V","MISSING",53.25,4.5,4.85,2,"Neophema"
10314,"Podargus ocellatus","Marbled Frogmouth","AVES","W","F","F","W","I","W",0,0,"V","MISSING",237.25,1.5,13.5,2,"Podargus"
10327,"Todiramphus chloris","Collared Kingfisher","AVES","W","W","O","W","I","W",0,0,"V","MISSING",72.6,3.2,12,2,"Todiramphus"
10332,"Caprimulgus macrurus","Large-tailed Nightjar","AVES","W","F","F","W","I","W",0,0,"V","MISSING",67.3,2,7.7,2,"Caprimulgus"
10333,"Aerodramus terraereginae","Australian Swiftlet","Non-passerine Birds","W","O","F","W","I","W",0,0,"V","MISSING",10.5,3.25061728395062,37.2277192982456,2.22448979591837,"Aerodramus"
10345,"Chalcites minutillus","Little Bronze-Cuckoo","AVES","W","F","F","W","I","W",0,0,"V","MISSING",1613.16038961039,3.25061728395062,37.2277192982456,2.22448979591837,"Chalcites"
10346,"Chalcites minutillus russatus","Gould's Bronze-Cuckoo","AVES","W","F","F","W","I","W",0,0,"V","MISSING",1613.16038961039,3.25061728395062,37.2277192982456,2.22448979591837,"Chalcites"
10349,"Centropus phasianinus","Pheasant Coucal","AVES","W","S","T","W","I","W",0,0,"V","MISSING",373.5,3.4,18,2,"Centropus"
10351,"Menura alberti","Albert's Lyrebird","AVES","W","F","F","W","I","W",0,0,"V","MISSING",927.8,1,37.2277192982456,2.22448979591837,"Menura"
10352,"Pitta versicolor","Noisy Pitta","AVES","W","F","F","W","I","W",0,0,"V","MISSING",98.75,3.5,10,2.22448979591837,"Pitta"
10355,"Atrichornis rufescens","Rufous Scrub-bird","Passerine Birds","W","F","F","W","I","W",0,0,"V","MISSING",37,2,37.2277192982456,2.22448979591837,"Atrichornis"
10372,"Myiagra alecto","Shining Flycatcher","AVES","W","F","F","W","I","W",0,0,"V","MISSING",21,2.5,37.2277192982456,2,"Myiagra"
10376,"Monarcha leucotis","White-eared Monarch","AVES","W","F","F","W","I","W",0,0,"V","MISSING",12.8,2,37.2277192982456,2,"Monarcha"
10406,"Pachycephala simplex","Grey Whistler","AVES","W","F","F","W","I","W",0,0,"V","MISSING",16.7,2,2.84,2,"Pachycephala"
10413,"Colluricincla megarhyncha","Little Shrike-thrush","AVES","W","F","F","W","I","W",0,0,"V","MISSING",34.05,2.5,4.4,2,"Colluricincla"
10414,"Colluricincla boweri","Bower's Shrike-thrush","AVES","W","F","F","W","I","W",0,0,"V","MISSING",43.85,2,6.15,2.22448979591837,"Colluricincla"
10428,"Coracina lineata","Barred Cuckoo-shrike","AVES","W","F","F","W","FG","W",0,0,"V","MISSING",1613.16038961039,2,37.2277192982456,2.22448979591837,"Coracina"
10431,"Lalage leucomela","Varied Triller","AVES","W","F","F","W","I","W",0,0,"V","MISSING",1613.16038961039,1,37.2277192982456,2.22448979591837,"Lalage"
10434,"Orthonyx temminckii","Logrunner","AVES","W","F","F","W","I","W",0,0,"V","MISSING",58.15,2,6.8,2,"Orthonyx"
10451,"Epthianura crocea","Yellow Chat","AVES","W","S","F","W","I","W",0,0,"V","MISSING",9.2,3,1.13,2,"Epthianura"
10452,"Ashbyia lovensis","Gibberbird (or Desert Chat)","Passerine Birds","W","O","F","W","I","W",0,0,"V","MISSING",17,3,2.38,2.22448979591837,"Ashbyia"
10456,"Gerygone palpebrosa","Fairy Gerygone","AVES","W","F","F","W","I","W",0,0,"V","MISSING",7.5,2,1.5,2.22448979591837,"Gerygone"
10457,"Gerygone magnirostris","Large-billed Gerygone","AVES","W","F","F","W","I","W",0,0,"V","MISSING",7.1,2.5,1.33,2,"Gerygone"
10460,"Gerygone levigaster","Mangrove Gerygone","AVES","W","Mangroves","F","W","I","W",0,0,"V","MISSING",6.15,3,37.2277192982456,2,"Gerygone"
10469,"Aphelocephala nigricincta","Banded Whiteface","Passerine Birds","W","S","F","W","O","W",0,0,"V","MISSING",11,2.5,1.52,2.22448979591837,"Aphelocephala"
10493,"Sericornis citreogularis","Yellow-throated Scrubwren","AVES","W","F","F","W","I","W",0,0,"V","MISSING",16.4,2.5,3.88,2,"Sericornis"
10496,"Oreoscopus gutturalis","Fernwren","AVES","W","F","F","W","I","W",0,0,"V","MISSING",16.6,2,3.25,2.22448979591837,"Oreoscopus"
10505,"Origma solitaria","Rockwarbler","AVES","W","F","F","W","I","W",0,0,"V","MISSING",14.35,3,2.57,2.22448979591837,"Origma"
10512,"Amytornis textilis","Thick-billed Grasswren","Passerine Birds","W","S","F","W","G","W",0,0,"V","MISSING",23.5,2,2.79,2.22448979591837,"Amytornis"
10515,"Amytornis goyderi","Eyrean Grasswren","Passerine Birds","W","O","F","W","G","W",0,0,"V","MISSING",17,2.5,37.2277192982456,2.22448979591837,"Amytornis"
10518,"Amytornis housei","Black Grasswren","Passerine Birds","W","S","F","W","O","W",0,0,"V","MISSING",32,2,37.2277192982456,2.22448979591837,"Amytornis"
10523,"Megalurus timoriensis","Tawny Grassbird","AVES","W","S","O","W","I","W",0,0,"V","MISSING",29,2.5,2.98,2,"Megalurus"
10528,"Stipiturus ruficeps","Rufous-crowned Emu-Wren","AVES","W","S","F","W","I","W",0,0,"V","MISSING",4.95,2.5,1.14,2.22448979591837,"Stipiturus"
10540,"Malurus pulcherrimus","Blue-breasted Fairy-wren","AVES","W","F","F","W","I","W",0,0,"V","MISSING",9.2,3,1.25,2,"Malurus"
10541,"Malurus melanocephalus","Red-backed Fairy-wren","AVES","W","S","T","W","I","W",0,0,"V","MISSING",7.9,3.5,1.14,2,"Malurus"
10542,"Malurus coronatus","Purple-crowned Fairy-wren","AVES","W","S","F","W","I","W",0,0,"V","MISSING",11.1,2.5,1.46,2,"Malurus"
10570,"Pardalotus rubricatus","Red-browed Pardalote","AVES","W","F","F","W","I","W",0,0,"V","passerine10g",10.85,3.5,1.96,2,"Pardalotus"
10571,"Pardalotus quadragintus","Forty-spotted Pardalote","AVES","W","F","F","W","I","W",0,0,"V","passerine10g",10.7,4,1.4,2,"Pardalotus"
10572,"Nectarinia jugularis","Olive-backed Sunbird","AVES","W","F","F","W","N","W",0,0,"V","MISSING",8.65,1.5,1.17,2,"Nectarinia"
10639,"Anthochaera paradoxa","Yellow Wattlebird","Passerine Birds","W","F","F","W","N","W",0,0,"V","MISSING",149,2.5,9.8,2,"Anthochaera"
10654,"Emblema pictum","Painted Finch","AVES","W","S","F","W","G","W",0,0,"V","MISSING",1613.16038961039,3.5,37.2277192982456,2.22448979591837,"Emblema"
10658,"Lonchura flaviprymna","Yellow-rumped Mannikin","AVES","W","S","F","W","G","W",0,0,"V","MISSING",1613.16038961039,4.5,37.2277192982456,2.22448979591837,"Lonchura"
10663,"Neochmia ruficauda","Star Finch","Passerine Birds","W","S","F","W","G","W",0,0,"V","MISSING",10,4,1.08,2,"Neochmia"
10664,"Neochmia phaeton","Crimson Finch","AVES","W","S","F","W","G","W",0,0,"V","MISSING",1613.16038961039,5.5,1.15,2,"Neochmia"
10666,"Poephila acuticauda","Long-tailed Finch","AVES","W","F","F","W","G","W",0,0,"V","MISSING",1613.16038961039,5.5,37.2277192982456,2.22448979591837,"Poephila"
10667,"Poephila cincta","Black-throated Finch","AVES","W","S","F","W","G","W",0,0,"V","MISSING",1613.16038961039,4.5,1.3,2,"Poephila"
10674,"Aplonis metallica","Metallic Starling","Passerine Birds","W","F","F","W","F","W",0,0,"V","MISSING",57,2.5,5.9,2,"Aplonis"
10676,"Ailuroedus crassirostris","Green Catbird","Passerine Birds","W","F","F","W","F","W",0,0,"V","MISSING",209,2,21.6,2,"Ailuroedus"
10677,"Ailuroedus melanotis","Spotted Catbird","Passerine Birds","W","F","F","W","F","W",0,0,"V","MISSING",171,3.25061728395062,37.2277192982456,2.22448979591837,"Ailuroedus"
10683,"Ptilonorhynchus nuchalis","Great Bowerbird","AVES","W","F","T","W","F","W",0,0,"V","MISSING",1613.16038961039,1.5,18.1,5,"Ptilonorhynchus"
10684,"Sericulus chrysocephalus","Regent Bowerbird","AVES","W","F","F","W","F","W",0,0,"V","MISSING",74,2,13.8,5,"Sericulus"
10686,"Ptiloris paradiseus","Paradise Riflebird","AVES","W","F","F","W","I","W",0,0,"V","MISSING",120.5,2,37.2277192982456,2.22448979591837,"Ptiloris"
10692,"Corvus orru","Torresian Crow","AVES","W","F","O","W","I","W",0,0,"V","MISSING",1613.16038961039,4,37.2277192982456,2.22448979591837,"Corvus"
10696,"Strepera fuliginosa","Black Currawong","AVES","W","F","F","W","C","W",0,0,"V","MISSING",377,3,37.2277192982456,2.22448979591837,"Strepera"
10729,"Tyto capensis","Grass Owl","AVES","W","F","F","W","I","W",0,0,"V","MISSING",1613.16038961039,3.25061728395062,37.2277192982456,2.22448979591837,"Tyto"
10733,"Aplonis fusca hulliana","Tasman Starling (Lord Howe Is subsp)","Passerine Birds","W","F","F","W","I","W",0,0,"V","MISSING",57,3.25061728395062,37.2277192982456,2.22448979591837,"Aplonis"
10734,"Alectonis chukar","Chukar Partridge","Non-passerine Birds","W","F","F","W","I","W",0,0,"V","MISSING",625,3.25061728395062,37.2277192982456,2.22448979591837,"Alectonis"
10735,"Anser anser","Domestic Goose","Non-passerine Birds","W","F","F","W","I","W",0,0,"V","MISSING",3300,3.25061728395062,37.2277192982456,2.22448979591837,"Anser"
10736,"Numida meleagris","Helmeted Guinea Fowl","Non-passerine Birds","W","F","F","W","I","W",0,0,"V","MISSING",1613.16038961039,3.25061728395062,37.2277192982456,2.22448979591837,"Numida"
10746,"Porphyrio albus","White Gallinule","AVES","W","F","F","W","I","W",0,0,"V","MISSING",1613.16038961039,3.25061728395062,37.2277192982456,2.22448979591837,"Porphyrio"
10765,"Caprimulgus affinis","Savanna Nightjar","AVES","W","F","F","W","I","W",0,0,"V","MISSING",1613.16038961039,3.25061728395062,37.2277192982456,2.22448979591837,"Caprimulgus"
10770,"Charadrius alexandrinus","Kentish Plover","AVES","W","F","F","W","I","W",0,0,"V","MISSING",1613.16038961039,3.25061728395062,37.2277192982456,2.22448979591837,"Charadrius"
10771,"Ardenna gravis","Great Shearwater","AVES","W","F","F","W","I","W",0,1,"V","MISSING",1613.16038961039,3.25061728395062,37.2277192982456,2.22448979591837,"Ardenna"
10772,"Ardenna creatopus","Pink-footed Shearwater","AVES","W","F","F","W","I","W",0,1,"V","MISSING",1613.16038961039,3.25061728395062,37.2277192982456,2.22448979591837,"Ardenna"
10773,"Pterodroma incerta","Atlantic Petrel","AVES","W","F","F","W","I","W",0,0,"V","MISSING",1613.16038961039,3.25061728395062,37.2277192982456,2.22448979591837,"Pterodroma"
10780,"Zoothera heinei","Russet-tailed Thrush","AVES","W","F","F","W","I","W",0,0,"V","MISSING",1613.16038961039,3.25061728395062,37.2277192982456,2.22448979591837,"Zoothera"
10791,"Urodynamis taitensis","Long-tailed Cuckoo","AVES","W","F","F","W","I","W",0,0,"V","MISSING",1613.16038961039,3.25061728395062,37.2277192982456,2.22448979591837,"Urodynamis"
10806,"Lonchura oryzivora","Java Sparrow","Passerine Birds","W","F","F","W","I","W",0,0,"V","MISSING",1613.16038961039,3.25061728395062,37.2277192982456,2.22448979591837,"Lonchura"
10810,"Pterodroma externa","Juan Fernandez Petrel","AVES","W","F","F","W","I","W",0,0,"V","MISSING",1613.16038961039,3.25061728395062,37.2277192982456,2.22448979591837,"Pterodroma"
10828,"Apus affinis","House Swift","Non-passerine Birds","W","F","F","W","I","W",0,0,"V","MISSING",25.5,2.3,2.42,2.22448979591837,"Apus"
10846,"Diomedea antipodensis","Antipodean Albatross","AVES","W","F","F","W","I","W",0,0,"V","MISSING",1613.16038961039,3.25061728395062,37.2277192982456,2.22448979591837,"Diomedea"
10847,"Diomedea gibsoni","Gibson's Albatross","AVES","W","F","F","W","I","W",0,0,"V","MISSING",1613.16038961039,3.25061728395062,37.2277192982456,2.22448979591837,"Diomedea"
10869,"Euplectes orix","Red Bishopbird","AVES","W","F","F","W","I","W",0,0,"V","MISSING",1613.16038961039,3.25061728395062,37.2277192982456,2.22448979591837,"Euplectes"
10871,"Amytornis barbatus barbatus","Grey Grasswren","Passerine Birds","W","W","F","W","O","W",0,0,"V","MISSING",19,2.5,2.39,2.22448979591837,"Amytornis"
10872,"Acrocephalus orientalis","Oriental Reed-Warbler","Passerine Birds","W","W","F","W","I","W",0,0,"V","MISSING",25.5,3.25061728395062,37.2277192982456,2.22448979591837,"Acrocephalus"
10873,"Pycnonotus cafer","Red-vented Bulbul","Passerine Birds","W","F","F","W","I","W",0,0,"V","MISSING",1613.16038961039,3.25061728395062,37.2277192982456,2.22448979591837,"Pycnonotus"
10889,"Calidris mauri","Western Sandpiper","AVES","W","F","F","W","I","W",0,0,"V","MISSING",1613.16038961039,3.25061728395062,37.2277192982456,2.22448979591837,"Calidris"
10892,"Bartramia longicauda","Upland Sandpiper","AVES","W","F","F","W","I","W",0,0,"V","MISSING",150.5,4,23.5,2.22448979591837,"Bartramia"
10902,"Gallus gallus","Red Junglefowl","AVES","W","F","F","W","I","W",0,0,"V","MISSING",672,11.5,37.2277192982456,4,"Gallus"
10912,"Puffinus lherminieri","Audubon's Shearwater","AVES","W","F","F","W","I","W",0,0,"V","MISSING",1613.16038961039,3.25061728395062,37.2277192982456,2.22448979591837,"Puffinus"
10920,"Pseudobulweria rostrata","Tahiti Petrel","AVES","W","F","F","W","I","W",0,0,"V","MISSING",1613.16038961039,3.25061728395062,37.2277192982456,2.22448979591837,"Pseudobulweria"
10921,"Pterodroma arminjoniana","Herald Petrel","AVES","W","F","F","W","I","W",0,0,"V","MISSING",1613.16038961039,3.25061728395062,37.2277192982456,2.22448979591837,"Pterodroma"
10926,"Pygoscelis papua","Gentoo Penguin","AVES","W","F","F","W","I","W",0,0,"V","MISSING",1613.16038961039,3.25061728395062,37.2277192982456,2.22448979591837,"Pygoscelis"
10928,"Struthio camelus","Ostrich","AVES","W","F","F","W","I","W",0,0,"V","MISSING",107500,7,1500,4,"Struthio"
10936,"Turdus poliocephalus","Island Thrush","AVES","W","F","F","W","I","W",0,0,"V","MISSING",1613.16038961039,3.25061728395062,37.2277192982456,2.22448979591837,"Turdus"
10938,"Pomatostomus halli","Hall's Babbler","AVES","W","F","F","W","I","W",0,0,"V","MISSING",39.95,2,37.2277192982456,2,"Pomatostomus"
10943,"Zosterops tenuirostris strenuus","Robust White-eye","AVES","W","F","F","W","I","W",0,0,"V","MISSING",1613.16038961039,3.25061728395062,37.2277192982456,2.22448979591837,"Zosterops"
10944,"Fregetta grallaria","White-bellied Storm-Petrel","AVES","W","F","F","W","I","W",0,0,"V","MISSING",49.5,1,10.8,2.22448979591837,"Fregetta"
10958,"Gerygone modesta","Norfolk Island Gerygone","AVES","W","F","F","W","I","W",0,0,"V","MISSING",1613.16038961039,3.25061728395062,37.2277192982456,2.22448979591837,"Gerygone"
10966,"Gallirallus sylvestris","Lord Howe Woodhen","AVES","W","F","F","W","I","W",0,0,"V","MISSING",1613.16038961039,3.25061728395062,37.2277192982456,2.22448979591837,"Gallirallus"
10973,"Diomedea epomophora sanfordi","Northern Royal Albatross","AVES","W","F","F","W","I","W",0,0,"V","MISSING",1613.16038961039,3.25061728395062,37.2277192982456,2.22448979591837,"Diomedea"
10983,"Lonchura punctulata","Nutmeg Mannikin","Passerine Birds","W","O","F","W","G","W",0,0,"V","MISSING",1613.16038961039,5.5,1.15,4,"Lonchura"
10984,"Pagodroma nivea","Snow Petrel","Marine Birds","W","F","F","W","I","W",0,0,"V","MISSING",317,1,47,2,"Pagodroma"
19003,"Artamus sp.","Unknown Woodswallow","Passerine Birds","W","F","F","W","I","W",0,0,"V","MISSING",40,3.25061728395062,37.2277192982456,2.22448979591837,"Artamus"
19066,"Branta canadensis","Canadian Goose","Non-passerine Birds","W","F","F","W","I","W",0,0,"V","MISSING",1613.16038961039,3.25061728395062,37.2277192982456,2.22448979591837,"Branta"
25131,"Psittacula krameri","Indian Ringneck Parrot","Non-passerine Birds","W","F","F","W","I","W",0,0,"V","MISSING",1613.16038961039,3.25061728395062,37.2277192982456,2.22448979591837,"Psittacula"
60566,"Pardalotus xanthopygus punctatus","Yellow-rumped Pardalote","Passerine Birds","W","F","F","W","I","W",0,0,"V","passerine10g",1613.16038961039,3.25061728395062,37.2277192982456,2.22448979591837,"Pardalotus"
